marca_de_tiempo,nivel_de_oxigeno_agua_mg_L,nivel_de_ph,nivel_de_nitratos_ppm,nivel_de_nitritos_ppm,temperatura_agua_C,temperatura_ambiente_C,humedad_ambiente_%,cantidad_alimento_g,flujo_de_agua_L_min,intensidad_de_luz_lux,nivel_de_agua_cm,estado_filtro,consumo_energia_kWh
2024-10-02 20:11:45,5.81,8.14,12.23,1.42,26.99,15.69,49.58,64.2,8.98,74098.76,29.94,Needs Cleaning,6.63
2024-10-05 04:27:45,6.16,6.65,43.49,3.03,28.63,13.42,82.48,91.74,12.27,21614.67,81.3,Clean,3.29
2024-10-01 15:55:45,8.61,7.26,44.2,0.05,19.79,12.5,54.02,55.97,5.09,93287.3,58.41,Clean,0.1
2024-10-02 03:24:45,10.42,7.25,38.91,0.84,23.25,39.91,51.12,70.82,9.25,7265.0,81.11,Needs Cleaning,5.48
2024-10-04 13:16:45,7.49,7.45,23.63,0.86,29.03,23.24,82.12,30.88,2.44,33345.61,5.02,Needs Cleaning,1.63
2024-10-05 09:16:45,8.73,8.21,20.07,4.77,26.83,26.33,31.89,66.92,16.96,90631.19,17.49,Needs Cleaning,5.89
2024-10-03 02:36:45,10.32,6.87,24.51,2.49,21.82,27.23,56.69,7.51,19.44,3902.48,40.99,Needs Cleaning,8.79
2024-10-01 20:48:45,7.9,8.41,38.21,0.16,24.73,16.24,89.38,76.14,8.05,92629.34,94.48,Clean,3.02
2024-09-30 23:19:45,9.12,6.71,33.28,2.16,22.44,24.16,97.87,3.05,16.19,56705.97,15.32,Clean,8.11
2024-10-05 07:09:45,4.16,7.57,48.03,0.93,29.02,12.97,67.0,63.8,12.14,16378.32,5.54,Clean,1.61
2024-10-04 22:54:45,8.53,6.64,35.42,1.61,23.91,37.75,77.09,74.48,6.84,14704.16,24.02,Clean,1.63
2024-10-04 20:51:45,4.52,6.5,49.27,4.68,26.35,39.42,95.47,37.56,5.85,622.3,51.69,Clean,5.72
2024-10-01 20:04:45,11.58,7.53,3.94,2.51,22.97,12.54,57.43,6.98,0.42,55358.72,19.11,Clean,3.75
2024-10-03 05:41:45,9.33,6.92,7.87,4.7,21.89,36.11,66.0,49.6,14.94,24240.3,28.38,Clean,9.89
2024-10-01 05:24:45,4.94,6.03,8.56,2.98,19.96,21.61,52.8,37.47,1.9,85093.2,36.11,Needs Cleaning,4.34
2024-10-02 08:48:45,6.82,6.79,34.14,1.5,22.66,39.36,34.45,30.2,9.94,53877.37,20.64,Needs Cleaning,9.79
2024-09-29 07:11:45,9.42,6.57,0.75,3.13,21.67,33.48,42.55,19.22,15.55,14798.11,37.35,Clean,4.42
2024-09-29 14:52:45,10.79,8.34,35.19,4.29,20.97,25.27,90.99,76.58,12.44,73418.89,32.85,Clean,2.95
2024-10-02 06:12:45,4.4,6.17,37.11,3.54,16.31,11.6,50.57,63.92,13.88,13843.6,5.24,Needs Cleaning,1.14
2024-09-29 10:19:45,8.27,8.13,18.43,3.57,29.87,16.04,67.65,61.0,1.61,1502.23,90.08,Needs Cleaning,4.86
2024-10-02 10:36:45,11.26,6.56,26.01,2.61,25.12,27.58,47.41,4.87,8.58,3967.97,9.5,Needs Cleaning,2.66
2024-10-04 22:13:45,9.43,6.79,31.16,4.03,20.94,34.28,87.63,44.3,14.75,96406.27,22.07,Needs Cleaning,2.21
2024-09-29 02:02:45,11.03,6.76,38.98,2.7,17.25,18.85,30.2,16.96,0.24,78467.11,8.97,Needs Cleaning,3.82
2024-09-29 12:14:45,9.35,6.33,13.21,4.68,17.95,10.39,56.07,84.82,19.93,99976.18,75.85,Clean,2.44
2024-10-05 09:29:45,11.16,8.36,16.09,3.21,18.73,35.45,41.26,92.31,15.81,57457.51,33.97,Clean,4.83
2024-09-29 18:25:45,4.64,8.3,16.73,1.24,21.73,39.4,46.48,10.9,19.95,63863.2,96.9,Clean,1.62
2024-09-28 22:09:45,9.47,7.85,28.89,3.28,22.67,14.93,60.52,97.29,3.08,1990.56,42.16,Clean,1.87
2024-10-03 04:51:45,11.24,7.25,3.46,4.83,29.22,38.18,81.85,4.51,3.47,36293.43,28.85,Clean,3.02
2024-10-03 16:27:45,4.87,7.61,44.74,4.92,26.47,22.35,63.68,36.75,14.33,89341.75,11.42,Needs Cleaning,0.08
2024-10-04 16:36:45,11.75,8.22,15.17,0.06,26.46,27.36,79.73,83.47,3.13,97897.81,96.44,Clean,0.29
2024-10-03 11:32:45,9.02,7.06,45.57,1.87,21.84,29.67,93.92,27.69,10.45,76848.08,31.9,Needs Cleaning,1.71
2024-10-01 20:36:45,6.38,6.38,6.68,4.13,19.68,26.84,98.59,82.26,8.49,63907.5,78.25,Needs Cleaning,6.21
2024-09-30 01:54:45,6.3,7.02,0.55,3.47,15.44,23.83,46.38,32.23,5.89,37017.13,83.79,Needs Cleaning,3.62
2024-10-04 10:32:45,6.65,7.43,45.24,4.93,17.52,11.78,47.47,68.97,5.48,47559.52,91.52,Needs Cleaning,8.52
2024-09-29 12:14:45,10.47,6.24,3.69,3.53,15.43,25.91,72.57,28.39,12.96,67954.08,80.0,Needs Cleaning,3.23
2024-10-04 01:26:45,10.78,6.74,0.36,3.24,25.64,32.32,47.46,69.06,19.37,3053.1,39.59,Needs Cleaning,4.94
2024-10-03 23:55:45,9.64,8.34,12.17,0.4,22.51,12.66,65.13,74.94,3.69,96866.89,34.22,Needs Cleaning,5.9
2024-09-30 11:38:45,9.86,6.92,21.09,1.97,28.09,15.41,82.95,44.31,5.22,705.19,50.74,Needs Cleaning,5.67
2024-09-30 23:22:45,9.46,8.03,31.41,1.29,18.63,24.21,67.44,38.78,3.98,11003.12,77.78,Needs Cleaning,7.75
2024-10-04 11:29:45,5.25,6.51,35.85,0.22,27.68,28.24,58.81,3.2,18.65,72443.15,13.04,Clean,4.89
2024-09-30 12:53:45,7.54,8.15,35.37,1.71,16.63,22.07,56.66,12.05,8.91,17335.59,83.82,Needs Cleaning,9.72
2024-09-29 21:21:45,5.52,7.14,40.67,2.5,18.05,32.13,55.14,7.65,4.31,51620.91,12.07,Clean,3.4
2024-10-05 09:14:45,11.4,7.72,3.72,0.47,24.79,34.27,43.29,20.17,19.74,31719.7,24.75,Needs Cleaning,7.26
2024-10-01 05:29:45,8.07,7.98,43.4,4.89,16.63,32.92,43.69,21.53,15.24,37719.87,23.25,Clean,8.29
2024-09-28 19:21:45,11.95,7.6,46.54,1.57,24.65,26.32,80.97,2.33,7.5,84694.74,70.23,Clean,8.13
2024-10-02 01:03:45,11.5,6.64,2.42,2.47,25.01,13.26,62.72,94.61,12.09,60236.78,15.11,Clean,1.57
2024-09-30 08:27:45,7.75,7.5,19.55,1.56,18.05,32.14,58.39,72.58,7.43,55412.33,17.36,Clean,5.61
2024-10-01 01:04:45,8.2,6.5,25.94,4.56,23.47,31.77,69.21,15.02,9.6,88578.77,12.52,Needs Cleaning,8.08
2024-10-04 17:36:45,9.64,7.0,33.22,0.51,16.4,10.2,73.17,77.85,19.16,81610.96,53.46,Needs Cleaning,9.82
2024-10-03 10:44:45,11.5,7.68,39.4,4.26,21.24,22.5,83.9,91.45,14.23,6078.95,15.61,Needs Cleaning,2.76
2024-09-30 14:50:45,6.06,7.44,15.69,3.53,23.26,10.36,64.92,27.69,14.22,27716.27,46.03,Clean,8.47
2024-09-29 10:30:45,9.03,7.61,33.68,1.25,19.28,22.05,72.78,84.07,11.18,31698.13,49.52,Needs Cleaning,0.22
2024-10-04 13:07:45,4.45,6.62,41.34,2.16,15.1,32.48,82.79,4.9,14.04,64395.94,16.81,Clean,8.91
2024-10-03 10:19:45,4.01,6.11,3.72,0.33,24.78,34.73,78.73,15.09,12.97,32892.51,18.86,Clean,4.98
2024-10-02 00:44:45,8.45,8.32,11.42,2.9,21.15,15.57,34.43,75.89,5.03,96111.09,48.84,Clean,5.22
2024-10-02 04:46:45,8.84,7.63,2.23,0.63,18.41,11.91,97.68,12.0,2.99,37005.02,74.71,Clean,5.78
2024-10-03 15:38:45,5.91,8.21,14.8,4.98,18.83,20.11,86.26,41.77,4.72,38668.63,76.53,Clean,5.78
2024-09-29 09:15:45,9.82,6.89,13.63,2.54,21.64,38.47,53.97,24.1,6.04,56692.81,27.7,Needs Cleaning,5.06
2024-10-02 12:50:45,9.1,7.33,49.56,4.99,16.7,28.49,50.17,43.19,10.73,69697.42,96.21,Clean,4.03
2024-10-03 05:01:45,8.2,8.36,14.62,4.97,18.72,28.54,41.75,7.21,13.69,34979.17,29.52,Clean,4.44
2024-10-03 07:14:45,5.1,7.98,40.63,0.48,23.22,35.5,60.41,15.21,11.47,89767.1,58.38,Clean,3.7
2024-10-03 00:16:45,11.5,6.86,8.19,3.57,19.68,38.06,57.1,56.25,6.78,2816.12,88.78,Clean,5.79
2024-09-30 02:42:45,9.95,7.1,0.62,4.06,20.4,31.39,99.86,66.66,3.99,49783.57,88.63,Clean,5.26
2024-10-03 03:33:45,5.74,6.08,47.79,0.55,29.51,14.43,68.09,93.62,6.63,41594.19,69.37,Clean,2.29
2024-09-30 18:47:45,10.77,7.28,27.99,2.65,16.62,17.92,42.8,44.9,5.15,7907.69,43.82,Clean,3.16
2024-10-04 19:29:45,5.74,7.67,0.49,4.16,16.29,11.78,30.86,42.96,16.63,13312.51,86.33,Clean,3.83
2024-10-03 09:56:45,6.23,6.01,8.94,3.2,21.58,36.06,60.89,56.19,3.59,89388.46,23.37,Needs Cleaning,0.33
2024-10-03 07:46:45,11.76,8.11,26.17,4.87,23.58,36.57,93.64,90.5,15.32,24714.31,65.58,Needs Cleaning,7.68
2024-10-04 02:47:45,7.82,7.07,5.32,2.31,19.39,36.9,94.67,98.03,14.79,28978.66,75.63,Needs Cleaning,0.16
2024-10-03 09:49:45,8.13,7.12,14.62,3.7,23.33,23.17,41.15,66.95,11.87,31313.13,39.91,Needs Cleaning,3.07
2024-09-30 20:52:45,11.21,7.93,35.62,1.2,24.42,21.48,58.74,42.82,2.52,30417.13,24.57,Needs Cleaning,7.37
2024-10-05 07:06:45,10.4,6.58,32.99,0.62,15.67,19.03,53.96,84.12,2.49,29908.68,85.85,Needs Cleaning,0.87
2024-10-01 12:38:45,4.13,6.29,40.14,4.01,26.82,10.55,86.71,24.2,18.73,12573.03,29.6,Needs Cleaning,1.15
2024-09-29 20:10:45,8.38,7.43,40.02,4.3,17.48,26.42,49.19,47.52,12.87,24519.18,83.98,Needs Cleaning,8.74
2024-10-04 11:54:45,7.13,7.6,48.68,3.07,26.67,37.19,86.39,54.16,6.59,13517.64,27.32,Clean,2.34
2024-09-30 05:45:45,6.03,6.84,20.98,1.56,28.19,28.42,94.94,79.7,16.67,53513.05,77.75,Clean,5.84
2024-09-28 21:22:45,4.37,7.4,25.45,4.76,18.77,31.86,75.59,50.47,1.39,68357.68,9.27,Clean,5.68
2024-10-03 15:48:45,8.8,6.2,18.71,0.91,22.6,21.02,57.35,71.47,15.47,76093.41,49.24,Clean,8.19
2024-10-03 06:08:45,9.7,7.37,9.97,4.61,19.58,32.16,97.94,62.11,1.31,16871.41,71.97,Clean,7.85
2024-10-03 11:04:45,10.53,7.4,49.58,1.76,21.71,38.79,38.28,95.82,13.09,51848.13,29.07,Needs Cleaning,0.69
2024-10-04 02:39:45,8.29,7.08,45.57,1.11,18.48,24.02,78.22,18.45,2.37,13633.13,91.64,Clean,4.47
2024-10-05 06:30:45,5.76,6.41,38.68,3.72,16.75,24.76,35.63,66.95,0.83,82516.75,99.85,Clean,4.16
2024-09-29 04:34:45,8.98,6.66,15.57,2.34,18.62,36.76,66.21,76.41,4.52,43806.02,46.92,Needs Cleaning,2.97
2024-10-02 06:10:45,6.28,6.25,10.03,4.76,20.89,32.26,45.82,47.08,1.81,63633.19,42.12,Needs Cleaning,0.98
2024-10-02 04:50:45,4.82,7.12,21.55,1.35,23.2,15.22,96.73,26.07,8.88,90333.5,70.42,Clean,2.79
2024-09-28 20:09:45,6.4,7.9,36.64,3.69,25.16,26.98,56.51,37.06,6.57,42839.85,76.73,Needs Cleaning,0.68
2024-09-29 17:56:45,5.15,6.98,37.66,2.22,24.79,22.87,74.59,98.62,4.81,24296.06,77.97,Clean,5.25
2024-09-30 10:27:45,8.37,6.35,18.19,4.23,18.9,14.19,59.76,18.41,6.37,23546.86,89.02,Clean,2.46
2024-10-01 23:26:45,5.81,6.59,15.93,3.75,23.33,30.73,49.93,56.52,12.15,85834.14,76.57,Needs Cleaning,1.09
2024-10-01 08:45:45,7.31,7.3,0.26,1.39,26.96,28.9,64.56,54.06,16.5,64214.94,83.18,Clean,5.63
2024-10-02 01:39:45,9.79,7.34,19.02,0.22,17.89,36.46,31.8,29.37,5.04,77669.76,60.13,Clean,7.22
2024-10-02 15:04:45,5.11,6.35,36.78,2.86,24.78,17.61,80.92,97.48,5.36,57392.56,49.7,Needs Cleaning,4.3
2024-10-02 15:03:45,7.85,6.96,37.49,1.51,21.33,31.5,61.21,61.54,4.71,31864.14,50.1,Needs Cleaning,6.94
2024-10-05 11:44:45,9.26,6.58,24.33,1.43,28.66,33.83,37.3,58.03,12.63,96884.09,36.18,Needs Cleaning,9.77
2024-10-03 16:09:45,5.69,7.17,20.43,2.34,28.77,27.65,99.6,55.87,2.91,22931.0,21.84,Needs Cleaning,7.66
2024-09-30 13:30:45,4.29,7.02,47.56,2.92,26.65,35.81,83.22,2.29,1.06,23029.83,89.48,Needs Cleaning,7.2
2024-10-05 17:45:45,4.21,7.99,25.6,1.55,23.19,12.89,50.85,3.63,3.3,21319.92,49.57,Clean,7.88
2024-10-02 14:21:45,6.89,7.29,40.72,4.17,22.95,30.21,30.29,2.16,15.6,30240.73,24.74,Clean,7.36
2024-09-29 08:03:45,10.48,7.77,0.25,4.63,17.65,11.57,36.2,85.21,0.7,94933.29,14.58,Needs Cleaning,6.15
2024-10-04 09:23:45,4.48,8.36,0.01,0.41,25.54,36.86,81.23,43.79,0.72,91888.3,85.69,Needs Cleaning,2.5
2024-10-03 14:05:45,9.02,7.98,2.89,2.84,21.51,35.7,36.49,33.91,6.2,73503.11,35.06,Needs Cleaning,7.91
2024-10-03 02:43:45,7.02,6.44,15.98,1.34,27.65,37.84,54.88,73.8,13.87,91058.22,10.85,Clean,4.29
2024-09-30 04:54:45,11.74,8.27,47.53,4.38,23.08,11.24,52.78,72.25,18.2,14321.47,28.6,Needs Cleaning,8.58
2024-10-02 14:46:45,8.86,8.25,11.9,2.45,28.57,38.4,92.98,90.13,19.13,36034.89,89.12,Clean,9.89
2024-09-30 16:30:45,4.81,7.45,14.69,1.69,17.64,16.87,61.29,2.26,5.07,56474.71,87.0,Clean,0.81
2024-10-04 01:19:45,11.44,8.14,15.15,3.33,28.53,24.35,56.28,51.7,4.55,70577.78,79.1,Needs Cleaning,9.9
2024-10-03 03:26:45,10.65,6.5,20.8,0.72,17.86,20.07,66.77,43.6,14.11,32108.2,32.56,Needs Cleaning,3.59
2024-09-29 15:49:45,7.15,7.13,4.56,3.9,17.23,39.65,34.75,61.3,15.08,68844.45,95.91,Needs Cleaning,9.63
2024-10-03 12:33:45,9.99,7.73,9.7,1.18,18.03,19.25,44.04,26.51,3.94,80011.14,35.24,Needs Cleaning,8.05
2024-09-30 21:20:45,9.31,8.35,5.36,4.05,28.51,38.75,35.67,38.91,18.64,44740.94,18.67,Clean,0.1
2024-10-01 08:03:45,8.64,7.51,37.89,4.13,19.85,37.62,97.89,42.9,12.16,75035.48,35.91,Needs Cleaning,9.35
2024-09-30 04:29:45,8.59,7.74,32.26,2.58,24.0,16.22,61.12,58.82,3.36,96902.7,22.8,Clean,2.49
2024-10-01 00:48:45,8.83,6.26,30.77,0.95,26.38,14.78,52.46,74.22,7.89,59673.39,5.86,Needs Cleaning,0.34
2024-09-30 03:25:45,7.82,7.63,37.29,2.66,25.41,33.54,59.47,17.82,1.95,11380.13,29.82,Clean,6.84
2024-10-01 18:03:45,10.79,6.37,42.35,3.9,22.62,19.86,69.08,63.98,11.42,16778.99,15.54,Needs Cleaning,2.49
2024-10-05 15:19:45,9.54,8.11,20.24,0.15,16.65,37.56,40.16,6.35,6.9,6355.8,32.51,Clean,9.06
2024-09-30 23:50:45,4.35,7.45,39.48,3.69,28.07,20.69,73.39,30.92,15.74,35234.35,68.19,Clean,2.48
2024-10-01 18:25:45,4.91,8.42,8.04,0.57,15.53,33.52,85.85,74.0,19.62,78108.3,3.65,Needs Cleaning,7.87
2024-10-04 19:35:45,6.66,8.15,31.3,1.56,28.59,11.95,75.58,29.53,1.53,55280.33,38.24,Needs Cleaning,8.01
2024-09-30 01:50:45,10.36,6.9,13.03,2.2,28.2,13.68,64.89,15.44,14.43,36778.77,95.07,Clean,7.38
2024-10-03 20:50:45,6.15,6.52,35.72,1.93,29.34,21.4,72.71,51.93,5.65,29211.35,23.36,Needs Cleaning,2.2
2024-09-30 14:24:45,9.85,7.34,16.37,1.6,28.82,27.97,83.11,48.46,19.56,38105.26,71.14,Needs Cleaning,0.79
2024-10-05 10:23:45,7.43,8.29,45.95,4.27,25.09,27.27,32.94,61.62,9.93,30575.86,76.61,Needs Cleaning,7.45
2024-10-05 16:58:45,7.27,6.1,34.12,0.69,21.07,33.26,72.19,29.45,3.0,12510.16,75.75,Clean,1.17
2024-09-28 19:30:45,8.63,8.04,12.54,2.3,24.2,28.01,89.99,52.83,0.97,85047.72,13.35,Needs Cleaning,7.72
2024-10-01 23:08:45,9.63,6.77,17.16,1.78,23.87,33.81,41.49,65.87,6.96,17591.71,32.88,Needs Cleaning,4.62
2024-10-03 11:30:45,6.36,8.35,25.87,1.09,27.27,19.61,97.57,21.91,7.83,3960.54,21.69,Clean,9.69
2024-10-03 18:07:45,5.44,8.06,3.53,1.94,24.03,37.46,63.55,99.86,12.07,51032.22,97.34,Clean,4.98
2024-09-29 18:34:45,8.54,6.44,19.73,3.63,26.31,28.25,90.87,99.55,10.38,32398.45,79.42,Clean,3.84
2024-10-03 17:42:45,8.25,6.44,30.37,2.76,24.71,15.69,91.3,25.34,15.37,67232.49,51.36,Clean,9.51
2024-10-01 02:35:45,5.68,7.4,22.42,0.53,27.15,39.36,43.35,33.47,13.22,30374.99,55.27,Clean,3.23
2024-09-30 21:38:45,4.14,6.58,34.5,2.9,23.9,23.49,86.96,36.85,8.08,9389.77,95.67,Clean,6.49
2024-10-03 02:57:45,9.91,6.83,37.99,4.07,20.08,16.76,81.2,84.64,4.31,43161.83,85.63,Needs Cleaning,1.76
2024-10-01 05:02:45,5.37,6.82,3.12,2.38,23.49,14.04,62.73,75.43,3.83,53639.51,52.61,Needs Cleaning,2.11
2024-09-29 11:00:45,11.0,8.12,34.78,2.5,27.78,14.93,94.26,20.75,15.73,9862.3,17.21,Clean,4.82
2024-10-05 10:31:45,4.77,7.87,28.9,2.56,24.67,33.8,86.15,43.2,8.66,82064.27,81.6,Needs Cleaning,4.22
2024-10-03 08:59:45,7.83,6.35,49.08,2.72,17.16,39.93,56.97,35.13,11.8,20482.62,57.78,Clean,2.23
2024-10-04 11:18:45,11.35,6.38,29.71,4.28,23.52,28.17,34.25,56.63,17.1,39864.41,51.89,Clean,0.81
2024-10-04 01:00:45,10.26,6.62,36.14,2.92,26.18,17.05,91.05,97.5,18.69,51671.89,75.0,Clean,1.43
2024-09-29 10:35:45,6.4,7.44,45.4,1.8,19.52,17.96,88.33,99.97,8.38,4677.75,42.43,Clean,9.45
2024-09-30 04:47:45,9.7,6.73,22.87,4.93,23.33,18.63,47.34,95.23,14.53,90925.09,51.9,Clean,0.43
2024-10-01 19:47:45,5.55,6.58,0.23,4.71,23.98,21.84,86.14,86.29,8.53,83326.17,74.57,Clean,6.98
2024-10-04 18:04:45,10.8,7.62,6.24,2.31,25.65,19.6,76.35,43.43,11.51,22086.53,21.96,Needs Cleaning,0.95
2024-10-01 00:52:45,4.21,6.27,18.67,1.43,20.25,12.99,38.42,93.95,13.79,20216.11,45.62,Needs Cleaning,6.43
2024-10-01 17:11:45,11.32,6.07,19.31,4.49,18.5,36.27,95.41,26.54,19.28,27992.88,46.46,Clean,2.04
2024-10-02 19:49:45,10.56,7.17,43.55,4.35,24.74,21.23,95.89,69.89,5.76,42342.81,16.63,Needs Cleaning,1.9
2024-10-04 22:27:45,7.59,6.4,27.69,3.11,23.47,33.08,81.04,94.43,12.22,45756.67,46.63,Clean,9.57
2024-09-30 00:16:45,5.15,7.77,44.93,3.34,20.46,30.57,64.94,55.8,18.38,14868.38,62.8,Clean,0.98
2024-10-03 02:33:45,7.98,6.95,39.34,0.62,21.74,16.85,48.18,20.52,11.39,75781.07,50.7,Clean,1.26
2024-09-29 02:55:45,9.24,8.21,30.44,1.07,17.43,23.38,84.58,77.8,3.08,93832.83,80.86,Clean,2.74
2024-10-04 21:28:45,11.81,7.92,0.88,3.21,19.49,21.8,62.04,80.51,1.36,60538.11,59.38,Clean,8.79
2024-10-02 05:06:45,10.84,6.36,13.81,3.44,29.8,39.18,66.07,76.67,4.47,7148.1,40.02,Needs Cleaning,4.13
2024-10-02 04:22:45,7.61,6.19,1.28,4.51,22.96,16.17,81.95,45.59,13.76,86726.8,2.11,Needs Cleaning,3.86
2024-10-02 02:56:45,8.88,6.02,25.48,1.59,19.88,23.19,37.56,39.57,9.11,32795.07,55.53,Clean,9.83
2024-10-01 08:53:45,9.5,6.65,40.48,1.1,16.54,29.2,57.56,19.37,7.29,24764.67,12.62,Needs Cleaning,9.39
2024-09-29 10:02:45,5.17,7.77,24.41,3.19,22.03,32.24,98.12,43.5,19.34,68840.13,80.38,Needs Cleaning,5.57
2024-10-05 10:34:45,4.79,7.21,15.68,4.54,26.36,36.47,34.62,59.1,6.45,90984.31,19.04,Needs Cleaning,6.14
2024-10-04 05:03:45,10.59,7.75,22.44,1.87,20.63,26.93,73.22,14.47,17.91,87528.13,16.27,Needs Cleaning,0.02
2024-09-29 18:11:45,11.87,7.29,19.86,3.39,29.09,35.84,52.68,64.74,4.49,14761.38,17.12,Needs Cleaning,5.8
2024-09-30 02:28:45,11.67,6.21,34.42,4.14,26.26,23.93,52.82,76.13,12.94,32411.4,8.11,Needs Cleaning,2.27
2024-10-01 06:01:45,4.6,7.81,8.8,2.5,15.3,10.67,34.73,90.96,18.88,7972.19,56.54,Clean,6.84
2024-09-30 13:44:45,11.24,6.96,46.78,2.05,19.45,10.44,50.27,36.71,11.98,46887.47,65.17,Needs Cleaning,7.77
2024-10-04 18:10:45,7.96,7.67,23.69,2.35,19.45,17.04,62.11,11.99,19.16,21433.01,70.52,Needs Cleaning,7.89
2024-10-03 00:00:45,5.36,7.01,1.18,2.34,16.85,35.17,67.4,99.56,7.47,5421.1,14.91,Needs Cleaning,0.33
2024-09-29 09:17:45,9.48,6.77,3.12,4.12,18.66,27.27,57.86,19.79,7.14,48264.74,31.23,Needs Cleaning,2.49
2024-10-01 01:28:45,7.2,6.47,28.6,4.07,24.35,26.3,50.94,31.27,11.72,36265.36,37.4,Needs Cleaning,5.84
2024-10-01 14:58:45,9.66,7.75,33.38,2.82,16.69,17.53,77.74,66.85,16.74,26239.09,81.66,Clean,8.84
2024-09-30 02:44:45,10.77,6.89,27.48,0.28,23.21,30.45,75.66,22.64,9.72,49552.16,1.99,Needs Cleaning,0.88
2024-10-04 15:28:45,7.7,7.31,0.18,1.53,16.56,26.76,38.95,21.13,5.06,38991.7,20.62,Needs Cleaning,2.43
2024-10-02 06:01:45,6.33,8.03,21.9,3.4,29.82,10.61,33.39,2.79,3.19,85225.68,84.97,Clean,0.86
2024-09-30 08:39:45,8.92,7.46,4.66,3.89,21.64,31.95,80.18,27.75,12.17,26445.19,29.27,Clean,2.48
2024-10-03 14:00:45,9.21,8.18,44.66,0.38,19.23,36.72,96.68,61.88,16.74,44446.23,50.7,Clean,4.63
2024-10-03 19:14:45,10.28,6.59,14.65,4.59,23.64,18.7,88.56,93.42,9.3,42878.37,54.25,Clean,6.99
2024-09-30 13:03:45,4.35,7.05,27.8,2.58,29.94,30.27,35.71,3.87,6.16,50422.49,59.08,Needs Cleaning,1.73
2024-09-29 18:21:45,7.41,7.89,34.27,3.4,23.06,11.63,53.68,69.74,15.67,29326.59,87.69,Clean,1.39
2024-09-29 04:38:45,10.01,7.21,44.51,2.43,26.83,22.35,98.7,93.27,4.93,45890.82,43.59,Clean,3.69
2024-10-02 12:04:45,9.01,8.45,42.83,4.49,18.37,19.22,36.87,94.44,8.25,27495.8,39.99,Needs Cleaning,5.09
2024-09-30 22:07:45,10.5,7.62,39.32,3.77,20.5,33.02,45.02,37.22,16.3,14260.05,47.27,Needs Cleaning,9.15
2024-10-04 15:36:45,11.09,6.24,19.49,4.33,29.33,28.49,95.08,72.28,16.07,89974.9,24.49,Clean,5.42
2024-09-30 19:57:45,8.98,7.33,30.0,4.21,21.01,13.55,66.7,11.37,15.52,89938.3,91.83,Needs Cleaning,3.11
2024-10-02 12:11:45,9.01,6.69,4.62,1.67,27.1,11.76,66.85,56.29,1.9,17965.96,23.52,Needs Cleaning,0.7
2024-10-03 08:14:45,4.55,6.34,27.15,3.75,19.29,36.51,71.21,87.17,9.17,7460.53,7.85,Needs Cleaning,2.02
2024-10-04 02:16:45,7.78,8.0,10.84,2.68,21.62,16.35,44.14,49.86,18.88,30156.14,74.59,Needs Cleaning,9.1
2024-09-30 12:40:45,6.42,6.18,41.49,4.94,22.08,24.35,59.17,42.11,19.74,7225.14,84.77,Needs Cleaning,1.17
2024-09-30 03:33:45,6.93,6.74,12.55,2.76,20.9,38.14,86.97,19.86,19.07,51623.06,19.65,Needs Cleaning,2.93
2024-10-04 12:10:45,5.57,6.98,15.32,1.93,19.96,14.46,30.07,97.03,13.46,92145.43,29.0,Clean,2.39
2024-10-01 18:15:45,6.42,6.18,40.44,1.2,23.41,33.36,62.23,85.77,12.52,27631.32,29.03,Clean,7.0
2024-10-02 21:51:45,8.85,6.81,21.05,1.47,19.08,12.97,94.44,80.19,3.89,79866.05,67.34,Needs Cleaning,7.96
2024-10-05 17:30:45,6.28,7.78,31.85,3.93,25.73,24.28,82.81,67.25,18.19,4020.7,84.07,Needs Cleaning,8.22
2024-09-29 18:56:45,8.61,8.1,8.37,0.39,18.01,29.32,56.75,34.48,10.77,36914.11,11.58,Clean,8.71
2024-09-29 22:01:45,9.74,6.17,43.6,2.73,29.2,22.63,91.47,7.27,11.31,87245.02,56.21,Needs Cleaning,9.43
2024-10-04 11:17:45,5.69,8.16,18.39,2.88,18.36,12.04,38.4,92.88,15.38,94550.09,5.02,Clean,3.65
2024-10-02 03:59:45,10.84,7.88,2.59,3.56,22.64,30.34,79.45,7.31,5.09,78486.48,80.81,Needs Cleaning,1.1
2024-10-01 06:28:45,8.17,8.1,13.51,2.73,16.34,11.2,70.98,5.88,8.0,18453.49,36.96,Needs Cleaning,1.84
2024-10-04 15:49:45,10.64,6.39,24.16,3.41,18.77,29.22,92.5,37.35,14.54,63684.58,34.46,Clean,2.78
2024-10-04 00:35:45,4.63,7.77,18.01,1.48,29.14,18.5,95.36,33.88,3.77,30254.78,43.35,Clean,3.83
2024-10-01 17:19:45,9.74,6.11,39.05,3.43,21.84,26.69,87.4,94.71,11.64,50042.27,57.02,Needs Cleaning,4.45
2024-09-29 13:02:45,5.72,6.29,23.38,3.42,22.15,38.43,48.24,40.96,1.94,67158.49,32.31,Needs Cleaning,1.21
2024-10-01 10:09:45,7.36,8.36,39.76,1.39,17.21,20.48,95.72,23.82,7.29,56360.79,97.24,Needs Cleaning,2.75
2024-10-02 09:02:45,10.47,7.97,30.24,0.8,22.93,28.99,77.43,70.42,10.07,66693.43,55.32,Needs Cleaning,7.38
2024-10-03 09:12:45,7.82,8.3,13.69,2.16,20.94,12.42,65.08,60.25,19.87,36332.3,22.96,Clean,6.66
2024-09-29 08:09:45,4.79,8.29,33.86,3.62,19.57,26.93,62.56,11.94,8.47,23671.86,93.66,Clean,5.97
2024-09-30 01:53:45,8.3,6.47,31.97,4.39,22.34,13.54,51.61,51.17,3.71,96342.51,65.28,Needs Cleaning,9.15
2024-10-03 09:48:45,10.55,7.79,2.31,2.44,28.44,16.17,45.86,74.36,5.18,52502.18,36.92,Clean,3.16
2024-09-30 11:24:45,9.29,6.69,15.56,1.73,25.26,11.78,62.83,60.0,8.37,80052.71,92.47,Clean,7.99
2024-09-30 19:39:45,6.11,8.3,46.94,1.28,24.63,33.59,65.08,12.7,17.05,15733.29,19.0,Clean,9.36
2024-10-02 13:23:45,7.4,6.65,21.75,3.44,27.61,35.79,58.86,48.18,12.45,23883.46,21.15,Clean,3.51
2024-10-02 16:22:45,5.51,6.19,21.3,3.3,17.53,16.09,84.52,74.22,3.67,76980.18,72.05,Needs Cleaning,5.69
2024-09-29 18:31:45,9.52,6.51,31.64,0.61,17.2,15.51,39.56,52.87,3.03,56317.12,80.8,Needs Cleaning,6.62
2024-10-03 16:23:45,6.73,7.95,25.45,0.12,17.22,15.39,93.17,67.74,6.21,90537.05,3.3,Clean,4.38
2024-10-04 17:54:45,7.17,8.09,27.15,3.03,22.51,34.66,73.95,91.92,9.32,36801.67,77.61,Needs Cleaning,8.76
2024-10-03 16:43:45,8.0,7.46,4.71,2.71,26.43,12.37,45.83,18.44,11.7,923.04,52.77,Needs Cleaning,4.21
2024-09-30 13:59:45,5.71,8.25,24.17,4.53,16.31,13.11,72.3,67.73,10.69,89092.78,24.64,Needs Cleaning,9.2
2024-10-02 20:35:45,5.56,8.41,33.5,2.63,20.85,23.52,70.82,22.93,17.36,26823.54,17.47,Needs Cleaning,6.88
2024-10-03 08:32:45,6.51,7.92,4.19,2.88,18.27,22.56,37.59,75.23,1.1,67173.89,33.22,Clean,3.1
2024-10-03 09:43:45,8.43,7.65,19.03,2.56,16.72,23.47,95.4,64.08,1.31,46457.12,24.76,Needs Cleaning,0.57
2024-10-04 14:22:45,4.96,8.09,14.37,0.13,28.1,25.55,96.05,90.76,16.88,4280.53,65.95,Needs Cleaning,1.11
2024-10-05 09:58:45,10.18,6.17,21.45,1.75,26.65,25.26,90.56,13.89,12.13,85570.3,32.29,Clean,9.58
2024-10-01 21:30:45,9.59,6.68,45.81,4.52,28.46,38.53,65.94,78.49,18.02,38600.86,64.9,Needs Cleaning,9.44
2024-09-29 05:46:45,9.91,7.46,44.07,1.24,24.12,29.32,98.3,51.21,5.64,74744.38,80.07,Needs Cleaning,7.94
2024-10-05 13:33:45,6.71,6.18,6.5,3.92,19.74,33.07,64.46,59.32,9.93,4720.17,89.31,Needs Cleaning,3.28
2024-10-01 04:02:45,8.22,7.14,6.38,1.81,16.49,21.28,57.39,47.19,6.09,51056.88,63.63,Clean,0.78
2024-10-01 07:14:45,6.54,6.84,6.91,2.62,24.29,11.86,55.28,11.53,10.83,70908.81,99.14,Needs Cleaning,7.34
2024-10-03 01:30:45,7.02,8.47,38.84,1.34,24.77,39.45,94.95,44.22,8.94,24494.51,17.54,Needs Cleaning,0.91
2024-10-03 03:50:45,8.93,7.36,45.98,3.47,19.41,16.0,33.38,27.96,11.79,73461.33,16.66,Needs Cleaning,2.94
2024-09-29 14:05:45,7.24,8.19,17.24,0.01,29.65,28.08,78.41,8.07,8.49,14983.36,9.66,Clean,8.94
2024-10-03 06:47:45,8.03,7.66,7.11,2.74,25.99,13.4,79.93,76.72,16.5,87972.56,71.28,Clean,7.36
2024-09-28 22:34:45,4.43,7.11,27.68,2.46,29.01,21.08,47.48,49.1,7.58,91781.35,87.57,Needs Cleaning,9.38
2024-09-29 11:07:45,10.73,8.37,12.27,2.19,17.57,20.13,30.66,62.1,8.99,44212.17,63.97,Needs Cleaning,9.88
2024-09-30 04:36:45,6.1,8.46,16.96,3.74,20.93,16.02,37.38,68.95,1.65,14566.96,36.6,Clean,2.98
2024-10-04 10:32:45,7.97,6.08,28.54,4.51,18.92,11.68,88.6,19.1,16.7,51428.57,25.97,Needs Cleaning,1.21
2024-10-03 04:01:45,10.65,8.48,43.2,2.12,19.8,34.01,35.9,7.84,5.44,16389.93,9.85,Clean,9.78
2024-10-04 08:33:45,11.24,7.31,1.72,4.8,29.3,21.44,50.73,84.95,17.98,18807.93,60.03,Needs Cleaning,4.42
2024-10-02 00:21:45,9.38,8.26,9.62,3.5,24.48,38.35,55.37,90.88,0.5,53381.77,10.39,Needs Cleaning,3.71
2024-10-05 08:18:45,7.42,6.99,38.9,0.26,22.53,13.95,75.06,41.62,18.87,26139.76,80.27,Clean,1.93
2024-09-30 16:44:45,9.18,7.34,32.34,1.5,24.97,20.14,44.13,62.82,14.57,88625.19,3.78,Needs Cleaning,1.3
2024-10-02 12:08:45,8.84,6.96,13.47,0.9,28.57,15.87,30.84,69.24,15.12,75086.7,82.94,Needs Cleaning,9.69
2024-10-01 17:56:45,6.65,6.37,36.63,4.51,22.06,23.92,95.57,8.43,7.33,16788.82,33.2,Clean,0.8
2024-10-03 20:46:45,11.99,6.64,42.23,1.8,24.55,27.29,46.68,78.37,4.79,90645.18,83.27,Clean,1.46
2024-09-28 22:26:45,5.29,8.41,2.29,4.73,29.56,29.39,66.27,36.15,1.21,58916.63,78.3,Clean,9.56
2024-10-03 15:30:45,7.35,8.1,17.06,4.31,26.36,15.85,96.68,50.25,5.28,47793.21,33.83,Needs Cleaning,7.25
2024-10-01 23:46:45,6.01,8.08,10.16,0.91,28.71,32.4,63.98,82.92,16.06,27399.92,69.11,Clean,1.52
2024-10-01 11:24:45,8.62,7.9,28.92,4.64,28.55,36.89,58.26,72.02,9.58,47174.71,30.78,Clean,5.55
2024-09-28 22:30:45,9.62,6.25,36.59,1.86,20.31,22.8,44.32,18.88,4.29,11005.02,19.69,Needs Cleaning,9.9
2024-10-05 11:21:45,10.74,7.72,10.95,0.0,18.33,18.87,61.97,1.2,18.49,23238.27,94.75,Needs Cleaning,6.97
2024-10-01 22:50:45,9.05,7.58,48.27,3.93,19.16,17.12,43.25,42.24,11.57,33917.13,31.51,Clean,4.56
2024-10-02 10:55:45,8.66,6.89,13.98,3.16,18.96,21.1,42.11,18.54,4.97,3958.43,43.54,Clean,0.32
2024-09-30 23:05:45,9.61,7.55,26.23,2.54,18.42,11.25,87.15,37.16,13.37,33744.25,52.46,Needs Cleaning,0.59
2024-10-03 10:13:45,8.71,7.81,8.1,0.86,29.65,17.49,42.94,61.16,11.3,21307.9,51.91,Needs Cleaning,7.09
2024-10-04 21:54:45,11.78,7.98,16.83,1.06,26.67,10.05,66.45,70.56,3.94,83231.75,97.01,Needs Cleaning,3.31
2024-10-02 04:02:45,11.9,8.37,7.4,0.39,15.59,10.91,56.8,93.93,10.82,91100.67,32.91,Clean,3.69
2024-10-01 21:42:45,8.99,7.19,8.04,4.77,16.47,16.5,30.16,13.59,7.36,59295.55,50.8,Clean,7.11
2024-09-30 16:14:45,8.47,7.26,43.94,0.38,22.6,13.2,90.86,29.53,11.41,82596.79,81.05,Clean,0.6
2024-10-04 15:04:45,10.98,7.91,25.83,3.03,25.09,32.87,66.7,0.57,6.96,26631.32,94.79,Clean,9.56
2024-10-05 10:15:45,10.29,6.8,28.64,0.8,25.42,13.23,51.88,15.62,16.06,3452.25,52.65,Needs Cleaning,9.25
2024-10-01 09:58:45,8.48,6.55,42.79,1.06,29.72,12.66,52.15,37.74,12.66,82826.9,94.35,Clean,5.78
2024-09-29 04:40:45,11.22,7.52,36.51,4.21,19.92,17.56,66.02,90.82,4.97,60371.35,8.97,Needs Cleaning,8.37
2024-10-05 16:47:45,6.4,6.84,17.74,3.37,27.47,27.92,68.74,34.67,3.11,70567.2,99.27,Needs Cleaning,1.63
2024-09-29 13:36:45,11.44,6.11,21.07,1.89,18.27,24.0,40.77,16.3,1.75,82325.93,82.68,Clean,7.01
2024-10-01 17:16:45,4.39,8.04,8.67,4.17,25.5,10.66,36.02,24.33,4.33,48261.75,65.28,Needs Cleaning,0.82
2024-10-02 09:59:45,11.11,8.0,21.57,4.19,27.04,16.69,37.65,86.99,6.69,34323.52,6.81,Clean,7.25
2024-10-03 17:52:45,7.08,6.54,31.43,1.48,19.29,29.71,96.82,64.74,16.5,23471.9,79.73,Needs Cleaning,8.63
2024-10-04 14:26:45,10.69,8.48,43.73,0.37,15.94,32.15,64.84,95.94,6.91,44258.59,97.06,Needs Cleaning,7.34
2024-10-03 01:13:45,9.75,6.73,6.48,3.5,28.17,32.8,33.67,57.98,9.28,41279.66,46.3,Clean,9.41
2024-10-02 03:29:45,6.91,6.84,9.88,0.35,21.61,39.98,92.96,88.64,10.47,30843.02,58.45,Clean,9.63
2024-09-30 14:08:45,5.98,7.55,43.77,2.43,18.97,36.88,35.83,28.33,7.6,21096.38,48.73,Clean,0.36
2024-10-04 23:07:45,9.79,6.46,34.13,0.29,28.82,22.16,36.49,87.49,5.52,28003.5,69.33,Clean,6.81
2024-10-03 17:07:45,9.27,7.67,1.29,3.2,16.56,35.37,50.13,19.3,1.0,5889.61,15.95,Needs Cleaning,7.42
2024-10-01 18:12:45,10.43,6.61,36.56,2.9,27.45,36.12,93.04,85.31,16.86,65016.29,88.68,Clean,7.27
2024-10-02 12:05:45,11.14,8.21,38.41,2.76,22.07,26.68,93.92,52.68,10.18,75949.69,66.73,Needs Cleaning,9.25
2024-10-01 11:33:45,7.19,7.49,37.24,0.24,21.56,39.44,40.94,29.12,9.97,80505.94,33.84,Needs Cleaning,0.86
2024-10-03 11:09:45,6.39,6.35,44.18,1.92,24.35,33.59,69.12,25.81,9.84,3096.1,66.99,Clean,5.97
2024-10-05 00:17:45,8.25,6.82,33.34,0.35,26.03,31.15,71.29,89.53,6.84,38732.27,62.52,Clean,6.92
2024-09-29 10:03:45,4.26,6.74,5.03,2.84,27.93,36.96,66.68,26.36,11.75,26414.61,90.06,Needs Cleaning,7.94
2024-10-04 10:09:45,9.06,6.05,41.0,0.68,27.5,11.54,47.4,69.5,14.13,73825.29,86.75,Needs Cleaning,1.32
2024-09-30 16:49:45,11.32,6.33,8.02,4.7,26.0,15.17,95.56,19.37,11.93,47155.37,93.52,Needs Cleaning,1.39
2024-10-01 04:34:45,7.48,6.73,13.63,1.61,29.95,10.44,55.37,31.93,9.01,84521.96,14.64,Needs Cleaning,0.85
2024-10-01 00:27:45,7.86,7.9,25.21,0.82,28.53,39.69,75.19,71.55,9.47,28820.83,59.17,Needs Cleaning,0.58
2024-10-03 07:51:45,9.02,6.63,42.78,0.13,24.23,30.69,79.37,75.03,6.41,72949.84,4.39,Needs Cleaning,2.55
2024-09-30 21:07:45,4.98,6.06,20.48,2.5,27.85,18.5,39.07,56.03,1.31,19975.3,5.26,Needs Cleaning,0.8
2024-10-04 07:39:45,11.13,7.57,41.09,1.28,19.41,19.53,32.23,41.36,6.96,4512.89,3.51,Clean,7.77
2024-10-04 20:17:45,6.01,7.38,12.97,4.82,22.01,11.16,42.3,71.31,17.48,41724.46,15.35,Needs Cleaning,2.41
2024-10-02 03:31:45,11.36,8.42,4.08,4.3,27.31,37.3,34.24,70.35,0.31,54440.77,61.24,Needs Cleaning,7.26
2024-09-28 20:25:45,4.12,6.03,45.98,2.86,18.67,20.41,92.97,9.38,15.07,33640.26,58.93,Needs Cleaning,2.03
2024-09-30 05:05:45,8.32,8.11,38.28,3.72,17.03,36.58,41.12,41.65,8.38,26093.27,96.16,Needs Cleaning,9.36
2024-10-01 11:03:45,8.81,8.41,32.43,4.75,15.08,32.2,68.34,4.83,12.18,94837.03,80.11,Needs Cleaning,4.27
2024-10-02 03:16:45,4.65,7.28,19.55,3.67,26.99,16.31,60.07,69.83,16.49,45460.6,5.41,Needs Cleaning,2.94
2024-10-02 18:19:45,7.52,6.5,31.28,1.51,24.53,12.87,49.13,53.96,8.06,17693.86,16.35,Clean,8.19
2024-10-04 08:27:45,9.38,7.82,30.69,1.3,21.75,17.19,55.42,7.37,14.19,15589.9,0.48,Clean,7.37
2024-10-05 08:13:45,10.44,6.92,30.15,3.9,22.93,25.77,93.56,87.24,7.23,71895.99,57.12,Clean,1.71
2024-10-04 11:31:45,8.51,6.9,36.13,1.98,15.61,12.75,72.39,39.37,15.4,29524.86,71.26,Needs Cleaning,5.99
2024-10-05 07:28:45,11.3,7.0,25.96,2.38,23.08,13.9,45.2,9.1,6.19,54903.48,53.97,Clean,5.13
2024-10-04 05:08:45,7.81,6.63,44.38,1.44,21.41,26.48,55.48,30.91,8.06,54061.42,44.86,Needs Cleaning,8.1
2024-10-04 01:14:45,5.62,8.23,18.39,3.0,19.42,16.26,34.56,68.18,16.63,60382.82,38.25,Clean,1.89
2024-10-01 15:22:45,11.87,7.98,44.88,1.08,25.12,20.01,53.08,50.69,3.28,25995.45,67.13,Needs Cleaning,1.28
2024-10-05 15:27:45,11.28,8.2,34.81,3.13,17.63,28.28,37.74,55.77,6.08,49541.62,20.34,Needs Cleaning,2.5
2024-09-29 07:22:45,8.13,6.39,29.74,3.32,18.25,39.55,50.65,35.41,15.66,89964.4,34.61,Clean,7.86
2024-10-01 06:06:45,4.57,6.59,48.17,0.51,16.4,33.23,99.63,18.71,7.94,48073.88,76.61,Clean,1.75
2024-10-05 15:46:45,6.55,7.82,0.61,4.18,17.38,29.04,32.18,79.76,16.55,38378.38,50.37,Clean,7.86
2024-10-03 15:06:45,10.9,6.21,8.68,1.7,25.11,14.65,93.21,5.64,14.92,5201.75,71.77,Needs Cleaning,8.24
2024-10-01 09:08:45,6.19,7.88,31.83,3.11,22.25,32.63,83.92,97.48,19.48,81106.35,75.57,Clean,7.51
2024-09-30 08:44:45,10.32,6.51,23.96,2.23,17.78,21.37,66.76,7.73,3.08,18058.55,32.74,Clean,6.72
2024-10-02 18:27:45,6.52,7.85,28.65,2.71,29.54,20.72,34.81,9.25,9.77,39721.24,42.78,Clean,6.39
2024-10-05 00:09:45,11.53,7.09,26.61,1.81,25.99,11.45,96.27,65.39,3.61,68817.09,34.32,Clean,4.76
2024-10-01 03:05:45,9.56,6.08,40.42,3.15,22.77,28.08,41.53,95.67,9.33,8668.21,62.98,Needs Cleaning,2.85
2024-10-03 11:05:45,7.95,7.69,45.08,1.1,24.39,20.13,42.37,32.3,13.87,79478.86,35.33,Clean,9.84
2024-10-05 04:40:45,7.31,8.19,29.81,3.62,27.12,13.64,54.19,18.84,7.39,40387.55,51.47,Needs Cleaning,2.48
2024-10-03 09:21:45,5.81,8.35,26.49,3.45,28.84,25.99,51.56,70.0,3.15,30233.61,28.91,Needs Cleaning,7.14
2024-10-05 16:29:45,11.89,8.19,2.56,2.36,17.34,35.82,84.49,25.01,1.93,54898.91,17.66,Clean,1.07
2024-10-02 21:08:45,7.61,7.7,12.58,2.51,22.14,19.57,75.9,26.8,19.98,90045.47,96.07,Needs Cleaning,8.83
2024-10-01 02:23:45,8.45,8.39,9.69,4.1,28.56,31.33,55.06,0.26,10.94,15860.81,35.64,Clean,4.06
2024-10-01 17:46:45,5.22,7.97,26.9,2.27,23.05,31.15,91.37,26.03,12.05,14537.4,57.89,Needs Cleaning,0.19
2024-10-01 18:22:45,7.14,8.07,29.46,1.65,24.77,33.35,57.35,16.88,9.29,49938.9,83.42,Clean,4.78
2024-10-01 10:03:45,4.34,7.92,13.52,3.7,22.84,20.63,67.08,46.88,10.24,10768.66,1.11,Needs Cleaning,1.38
2024-10-03 15:30:45,5.31,6.95,35.88,3.64,29.7,24.99,67.26,98.02,17.1,64899.99,47.21,Needs Cleaning,0.03
2024-10-05 11:00:45,9.16,8.26,38.92,0.75,23.63,15.43,66.98,57.3,4.91,93727.61,84.22,Needs Cleaning,2.56
2024-10-05 09:14:45,4.57,7.85,36.06,4.55,27.75,11.71,61.34,14.3,10.32,67210.22,42.45,Needs Cleaning,8.13
2024-09-30 02:28:45,7.93,6.72,30.03,1.99,28.0,15.05,63.25,19.81,4.1,7898.9,39.16,Clean,6.42
2024-10-04 19:09:45,10.62,6.85,45.99,4.73,26.1,19.46,99.86,13.91,15.75,73823.72,92.18,Needs Cleaning,8.62
2024-09-29 05:41:45,5.85,7.12,11.16,4.91,28.64,16.78,81.97,26.9,7.71,36532.32,32.53,Clean,9.11
2024-10-04 02:11:45,5.78,7.4,8.85,3.92,26.62,15.82,86.6,64.57,3.57,19698.76,84.72,Clean,5.39
2024-10-01 19:28:45,8.67,7.87,46.74,3.61,23.5,14.92,91.48,68.52,2.49,37276.69,35.68,Clean,7.33
2024-10-01 12:45:45,6.81,7.76,13.58,2.82,18.04,12.11,39.2,60.96,7.5,43599.46,71.97,Needs Cleaning,2.26
2024-09-29 11:09:45,7.17,8.05,16.3,0.55,29.37,29.02,88.59,6.6,10.75,52511.8,15.65,Clean,0.28
2024-10-01 04:09:45,9.11,7.06,3.17,2.96,18.0,16.92,88.92,66.46,14.94,56467.55,91.02,Needs Cleaning,8.49
2024-10-03 22:22:45,5.5,7.08,31.45,2.37,24.62,35.84,56.83,55.21,10.32,82866.5,43.52,Clean,3.34
2024-10-01 00:17:45,5.23,7.71,43.24,1.91,26.54,39.41,36.29,92.2,12.76,85922.86,14.96,Needs Cleaning,6.06
2024-10-02 21:19:45,9.22,8.0,20.57,3.12,15.4,36.39,57.41,33.08,7.83,75095.76,53.05,Clean,1.8
2024-10-03 15:34:45,9.96,6.88,25.44,3.79,21.75,16.77,66.9,43.68,9.46,85824.74,99.7,Needs Cleaning,1.28
2024-09-29 07:23:45,7.21,7.93,31.4,2.25,17.21,29.04,40.15,58.24,19.35,69680.67,47.04,Needs Cleaning,0.44
2024-10-05 01:38:45,11.16,7.61,42.09,1.99,17.16,37.78,95.62,47.16,0.62,85103.92,0.93,Clean,1.01
2024-10-05 01:27:45,9.1,7.54,40.57,4.39,15.08,31.63,37.94,76.13,17.94,17705.95,20.23,Clean,7.83
2024-10-04 01:33:45,10.87,8.36,47.63,4.91,17.45,33.18,68.91,47.04,14.22,93068.69,4.34,Needs Cleaning,7.06
2024-10-01 05:57:45,7.82,6.3,27.54,3.81,24.35,10.98,63.19,42.94,3.39,62713.42,4.21,Clean,2.41
2024-10-02 05:31:45,9.17,7.41,1.35,2.21,15.27,22.17,30.97,30.23,4.07,41925.25,10.43,Clean,2.82
2024-10-03 10:42:45,5.35,7.46,19.3,4.11,28.7,15.32,97.62,28.52,17.94,78371.04,42.46,Needs Cleaning,3.43
2024-09-29 02:01:45,8.32,7.26,45.43,1.27,23.69,16.22,95.0,5.56,4.94,44292.63,63.52,Needs Cleaning,9.63
2024-09-29 20:56:45,8.82,8.4,44.84,3.46,20.2,28.01,77.41,9.78,8.82,52259.61,17.7,Needs Cleaning,8.43
2024-09-29 20:57:45,6.03,7.97,7.17,3.09,28.99,12.94,53.13,42.7,13.73,6802.08,54.24,Clean,7.7
2024-10-02 11:10:45,5.4,7.29,30.82,3.91,21.54,12.79,45.12,53.86,3.17,74416.01,1.14,Needs Cleaning,1.82
2024-09-29 22:00:45,5.62,7.91,4.15,1.36,23.52,28.13,39.08,32.68,2.87,37805.97,28.85,Clean,3.69
2024-10-01 18:11:45,4.8,6.2,47.69,2.85,26.04,15.42,65.9,0.73,16.77,8933.66,52.85,Needs Cleaning,2.69
2024-10-01 06:46:45,7.9,7.71,19.97,0.94,26.24,12.05,79.38,13.57,8.22,80447.66,16.33,Clean,1.1
2024-10-02 23:30:45,5.88,7.75,47.58,4.79,26.7,21.73,45.33,16.02,6.98,74597.48,65.14,Needs Cleaning,4.45
2024-10-01 12:01:45,8.83,8.18,30.95,0.19,21.67,15.58,86.41,40.57,0.0,75180.44,25.32,Needs Cleaning,5.08
2024-10-04 10:30:45,4.86,6.69,44.67,2.33,23.31,39.26,89.3,22.47,10.79,87875.46,99.54,Needs Cleaning,2.7
2024-10-03 21:46:45,11.95,7.93,20.57,1.97,21.69,14.06,97.3,11.46,15.21,79723.74,38.99,Clean,1.9
2024-09-30 04:25:45,6.56,6.0,21.46,4.32,24.29,26.12,81.8,45.01,16.38,41369.37,34.95,Clean,1.6
2024-10-02 09:16:45,10.36,7.54,20.98,3.64,22.34,18.54,85.33,38.86,14.05,38124.66,56.75,Needs Cleaning,4.84
2024-10-02 04:50:45,8.93,7.41,43.88,3.53,15.52,29.9,46.7,38.39,13.1,49958.59,69.95,Needs Cleaning,8.84
2024-10-01 23:07:45,8.74,7.16,20.69,0.23,18.81,11.13,55.39,60.03,7.43,19620.29,77.91,Needs Cleaning,5.24
2024-10-05 03:11:45,4.44,8.12,40.61,3.72,19.19,35.23,47.05,48.6,19.56,86333.13,82.77,Clean,9.91
2024-09-29 21:13:45,7.13,7.41,8.51,0.01,26.26,33.6,79.25,43.98,13.31,71816.69,1.53,Needs Cleaning,8.12
2024-10-04 05:54:45,10.6,7.71,30.79,4.64,15.01,11.67,59.51,70.73,10.98,88366.64,78.5,Clean,6.32
2024-10-01 04:42:45,11.96,6.61,8.29,3.47,24.16,29.76,48.65,14.76,14.9,82876.45,79.77,Clean,1.49
2024-10-03 05:13:45,6.94,7.84,20.01,2.71,24.5,38.5,59.9,28.97,2.06,42443.89,83.85,Clean,1.69
2024-10-04 21:26:45,10.96,6.07,4.15,3.38,21.68,29.05,41.77,36.94,19.9,11596.86,88.1,Clean,1.75
2024-09-30 19:53:45,9.85,8.08,49.25,2.92,16.63,37.96,42.47,65.53,18.72,82033.03,69.99,Needs Cleaning,6.49
2024-10-02 11:26:45,6.86,7.57,6.22,4.45,24.29,28.71,33.3,57.64,7.5,41466.81,44.21,Needs Cleaning,4.61
2024-10-03 08:06:45,6.9,6.87,44.01,2.39,25.74,27.42,80.12,1.11,17.64,91137.73,0.5,Needs Cleaning,3.82
2024-09-30 05:30:45,10.1,8.2,21.63,2.98,23.33,21.71,63.39,9.66,10.68,20015.7,96.86,Clean,9.53
2024-09-29 16:35:45,7.92,6.32,48.93,1.21,27.1,33.33,49.99,88.76,14.4,61712.39,4.52,Clean,9.93
2024-09-30 01:50:45,10.7,6.35,42.2,4.82,15.9,31.95,75.77,66.5,6.64,55332.21,96.6,Needs Cleaning,1.44
2024-10-04 08:15:45,9.52,7.95,23.82,3.91,15.43,37.07,78.15,69.66,19.82,15057.61,45.4,Needs Cleaning,1.3
2024-09-29 23:11:45,6.62,6.39,17.63,4.36,22.38,25.55,45.51,37.83,7.63,67096.81,76.0,Needs Cleaning,6.27
2024-09-29 06:12:45,11.4,7.61,7.43,0.86,24.63,24.66,60.82,68.69,14.74,90774.48,55.75,Needs Cleaning,8.61
2024-09-29 00:34:45,10.87,8.47,13.33,1.59,16.99,23.35,42.15,92.38,16.33,36260.19,43.6,Clean,6.51
2024-10-02 07:20:45,4.53,7.86,20.0,3.47,22.32,31.49,79.68,45.45,14.02,4299.46,44.57,Needs Cleaning,6.14
2024-10-05 17:06:45,5.17,7.21,29.05,4.82,25.88,15.86,53.85,39.57,17.59,5084.44,59.32,Clean,3.57
2024-10-03 08:25:45,9.08,7.78,45.85,4.47,28.22,15.28,36.84,43.43,8.54,64987.6,70.42,Needs Cleaning,1.18
2024-10-01 04:27:45,11.79,6.77,21.22,4.88,20.28,18.31,97.44,55.98,6.17,16975.24,52.56,Needs Cleaning,8.02
2024-09-29 06:51:45,11.28,8.35,16.92,2.42,24.49,30.89,41.23,79.31,19.41,48888.55,77.78,Clean,9.26
2024-09-29 06:09:45,8.28,7.98,19.05,4.41,28.63,28.32,72.74,98.3,4.04,96739.46,55.22,Clean,3.08
2024-10-03 03:33:45,8.24,7.31,38.46,4.52,20.77,18.97,30.1,95.13,11.39,66044.27,11.81,Clean,1.39
2024-09-29 12:26:45,9.85,7.46,18.09,3.98,23.97,17.05,91.8,61.3,3.63,15291.38,50.61,Clean,2.36
2024-09-30 08:25:45,10.73,8.18,26.51,4.62,28.09,29.02,51.16,95.13,5.66,2646.21,55.62,Clean,0.82
2024-09-30 00:03:45,11.66,7.7,22.53,1.82,22.86,38.65,39.63,32.47,15.42,97949.1,18.29,Needs Cleaning,5.58
2024-10-03 02:49:45,6.22,8.43,11.53,1.67,19.48,18.22,53.76,35.48,12.88,14548.81,56.83,Needs Cleaning,1.5
2024-09-29 00:40:45,5.1,6.53,36.19,0.32,24.06,15.61,40.52,90.0,2.95,42371.47,59.8,Clean,0.12
2024-10-01 20:24:45,6.6,8.21,21.33,4.05,18.09,13.21,83.53,15.36,14.93,37609.47,65.74,Clean,9.16
2024-10-05 14:17:45,11.69,7.24,42.07,3.45,18.21,24.53,32.56,48.26,2.53,20164.98,31.74,Clean,2.95
2024-10-01 20:09:45,8.92,6.03,6.5,0.05,26.62,30.87,92.58,31.46,6.5,9174.0,90.74,Needs Cleaning,1.98
2024-10-04 15:21:45,6.18,6.07,36.78,4.3,27.15,25.13,57.19,73.9,14.21,32723.09,78.98,Needs Cleaning,6.78
2024-10-05 06:57:45,9.61,6.14,3.06,1.01,29.09,23.74,35.97,41.06,1.59,74951.98,31.25,Needs Cleaning,3.04
2024-09-30 22:18:45,8.16,6.0,1.11,1.21,20.4,17.03,34.61,97.09,12.67,59585.59,13.78,Needs Cleaning,0.8
2024-10-03 11:08:45,6.47,6.17,20.13,1.06,26.68,28.97,64.28,62.49,6.79,91715.32,39.11,Needs Cleaning,4.42
2024-10-05 09:49:45,10.77,7.43,35.59,3.2,29.11,39.83,90.44,39.89,10.35,35857.95,93.9,Clean,3.96
2024-10-04 00:17:45,5.06,6.73,10.43,3.69,15.83,20.98,51.71,13.81,6.17,52959.12,24.14,Needs Cleaning,5.21
2024-09-30 18:43:45,7.49,6.66,37.56,1.39,24.89,21.01,93.85,55.02,2.72,63851.69,51.53,Clean,6.41
2024-10-02 19:24:45,5.26,7.32,49.37,0.52,15.69,12.4,70.37,56.04,5.55,25352.13,21.18,Needs Cleaning,1.61
2024-09-29 18:03:45,11.29,7.42,23.09,1.06,28.22,16.73,53.21,39.16,17.19,18686.82,62.65,Needs Cleaning,7.82
2024-10-01 07:47:45,8.58,7.22,37.57,3.11,27.33,17.79,30.55,5.77,9.5,45254.65,1.64,Clean,0.2
2024-10-05 10:20:45,5.77,7.36,12.65,2.25,27.49,21.24,47.23,4.32,15.89,72710.51,97.79,Clean,5.85
2024-10-01 10:38:45,6.57,8.3,49.45,3.25,15.52,19.15,57.73,30.91,15.76,4385.43,56.61,Clean,4.91
2024-10-04 14:39:45,5.15,6.71,18.88,1.53,24.82,35.03,92.19,76.45,1.5,80865.37,0.09,Clean,4.62
2024-09-30 00:25:45,6.61,6.84,49.21,0.28,23.55,22.5,89.07,18.42,5.61,68651.62,88.55,Clean,2.6
2024-10-03 19:36:45,7.97,8.35,6.16,3.89,28.33,22.87,68.54,47.79,6.68,33890.92,53.44,Clean,5.78
2024-10-01 06:42:45,4.67,7.53,45.2,0.11,29.47,28.8,54.93,81.84,15.89,56847.57,94.56,Clean,9.11
2024-10-01 23:09:45,9.47,8.09,48.42,3.02,19.3,15.62,75.72,20.03,16.05,95764.19,59.34,Needs Cleaning,0.49
2024-10-04 23:48:45,8.48,7.98,28.39,0.87,28.79,38.9,97.23,46.89,7.76,23284.23,2.89,Needs Cleaning,3.77
2024-10-04 00:07:45,8.41,6.42,16.7,4.98,21.85,38.99,47.64,63.58,0.2,4521.18,74.92,Needs Cleaning,4.64
2024-10-05 08:07:45,7.23,7.36,31.04,4.11,19.2,26.31,92.62,85.36,6.33,90972.87,91.07,Needs Cleaning,5.88
2024-10-01 15:51:45,5.28,7.38,27.03,0.37,25.42,24.6,59.86,78.49,0.35,92147.19,34.42,Clean,5.3
2024-10-04 18:47:45,6.93,7.26,13.9,1.89,20.33,19.64,38.74,14.67,5.89,23290.22,85.78,Needs Cleaning,8.14
2024-09-28 20:30:45,7.85,8.02,29.24,3.76,20.26,33.11,83.04,84.65,12.12,20862.5,0.08,Needs Cleaning,4.74
2024-10-03 20:40:45,7.75,8.22,2.1,0.17,25.87,23.23,36.21,27.47,0.71,34625.43,45.36,Needs Cleaning,5.59
2024-10-01 14:21:45,8.23,7.9,44.44,0.37,25.55,32.13,45.18,38.06,4.02,41555.73,93.09,Clean,7.16
2024-10-03 02:34:45,9.0,8.46,24.32,0.02,25.21,32.25,44.63,30.46,2.68,12017.89,72.0,Clean,9.77
2024-10-04 23:45:45,9.9,6.67,36.25,3.48,28.92,31.1,78.49,39.17,12.79,52473.88,70.34,Needs Cleaning,5.04
2024-10-02 01:45:45,8.1,6.59,23.02,1.45,24.8,33.3,71.23,15.23,5.81,42548.32,8.1,Clean,5.59
2024-09-28 23:34:45,7.4,8.44,10.82,1.59,25.81,36.9,94.79,93.15,8.32,19486.97,61.09,Clean,5.84
2024-10-02 14:29:45,11.22,6.15,22.95,4.04,27.16,30.62,51.75,15.92,5.38,52340.38,87.41,Clean,4.54
2024-09-29 18:43:45,6.46,7.13,4.68,3.04,23.75,17.22,76.53,96.48,3.48,25248.19,28.97,Clean,0.13
2024-10-01 14:22:45,5.04,6.82,32.98,0.09,19.13,13.88,41.29,42.08,14.68,29463.47,61.59,Needs Cleaning,0.72
2024-10-02 03:18:45,10.72,8.29,44.46,0.59,17.94,23.39,40.97,91.0,1.03,21473.11,13.52,Needs Cleaning,7.43
2024-09-29 21:34:45,6.02,6.44,5.45,3.95,26.7,13.79,87.86,50.58,17.85,60124.83,96.9,Needs Cleaning,4.98
2024-10-01 07:59:45,5.3,6.49,6.29,2.84,28.49,23.55,92.88,81.05,18.8,53087.37,26.74,Clean,7.09
2024-09-29 12:29:45,6.72,6.77,45.25,3.21,24.85,15.24,44.47,45.43,1.16,20605.76,71.01,Clean,4.48
2024-10-04 07:47:45,4.47,7.78,41.42,0.53,16.28,18.31,44.28,0.25,4.55,92016.25,22.04,Clean,7.82
2024-10-01 23:34:45,5.65,8.48,19.2,0.61,16.59,21.09,38.56,12.69,2.97,3676.31,14.8,Needs Cleaning,6.91
2024-09-30 15:18:45,9.46,7.9,26.04,3.6,16.87,25.76,60.87,89.71,2.28,9116.24,26.26,Needs Cleaning,7.1
2024-10-01 04:48:45,9.72,7.7,11.32,3.14,26.29,32.59,61.61,90.25,18.41,62859.8,7.22,Needs Cleaning,8.66
2024-09-29 11:12:45,7.91,7.5,38.68,3.82,22.34,15.35,86.85,64.82,3.57,53112.39,40.73,Clean,0.15
2024-09-29 02:09:45,5.04,7.87,43.03,2.9,27.7,10.87,76.41,54.15,0.67,21214.29,82.07,Clean,7.3
2024-10-02 17:45:45,6.94,6.73,6.26,4.0,21.72,11.39,70.95,53.08,9.76,81632.39,23.42,Needs Cleaning,0.67
2024-10-04 22:03:45,10.87,7.63,47.94,3.38,21.29,24.47,47.7,83.4,1.01,8311.22,82.94,Clean,6.98
2024-10-05 17:01:45,11.02,8.42,36.51,0.16,27.04,12.77,53.37,88.66,2.48,26762.04,87.07,Clean,8.46
2024-10-04 10:10:45,9.26,8.17,23.21,4.95,16.64,35.83,46.27,27.99,11.21,55127.14,77.4,Clean,5.83
2024-10-05 14:09:45,8.64,7.73,45.09,1.25,20.26,18.16,31.84,13.8,18.47,24743.09,71.4,Needs Cleaning,8.68
2024-10-03 21:29:45,6.24,8.07,19.15,0.44,19.23,17.32,81.87,32.1,10.34,35911.05,19.15,Clean,3.39
2024-10-03 05:44:45,11.82,7.47,44.33,1.54,20.86,29.26,43.65,68.56,3.55,89988.91,93.78,Needs Cleaning,6.67
2024-09-30 18:25:45,7.45,7.39,40.1,4.95,17.61,19.07,50.85,82.43,13.05,39809.81,92.61,Clean,7.41
2024-09-30 10:49:45,8.69,7.84,40.84,4.2,25.66,16.28,82.0,23.97,5.16,9744.42,57.14,Clean,7.73
2024-10-02 06:15:45,5.57,7.38,23.05,0.16,22.23,31.95,43.15,64.98,13.75,53749.24,41.96,Clean,8.42
2024-10-04 10:31:45,4.43,6.78,9.25,0.29,16.47,22.04,79.41,95.82,3.46,31920.69,92.22,Needs Cleaning,4.96
2024-09-30 14:47:45,6.13,7.07,23.46,1.17,29.28,29.66,35.79,60.81,11.46,43232.11,15.28,Needs Cleaning,9.99
2024-10-05 00:15:45,9.48,7.05,7.72,4.88,22.41,39.26,55.93,93.67,19.11,3331.74,3.24,Needs Cleaning,8.0
2024-10-01 01:58:45,7.71,8.15,44.96,2.02,15.25,13.53,33.61,93.62,0.13,20478.99,66.45,Needs Cleaning,3.53
2024-10-04 12:41:45,10.1,7.32,41.3,3.89,15.75,37.26,70.87,1.34,11.01,67771.98,45.69,Clean,7.75
2024-10-01 00:58:45,4.07,7.56,33.68,1.56,16.23,29.45,86.09,90.09,13.47,15544.83,20.01,Needs Cleaning,9.18
2024-10-05 07:01:45,6.33,8.4,46.23,1.97,15.04,32.38,47.62,94.77,7.2,66377.15,86.14,Clean,5.77
2024-09-29 22:35:45,5.85,7.23,12.69,3.9,29.73,31.86,35.33,49.7,5.37,85292.45,69.46,Clean,9.21
2024-10-04 15:41:45,10.15,6.91,2.89,0.67,24.7,19.89,48.83,97.65,16.19,13126.99,63.77,Clean,1.99
2024-10-03 07:55:45,5.71,7.09,46.17,1.71,22.49,18.68,69.02,6.37,9.99,74916.03,26.04,Needs Cleaning,7.83
2024-09-30 23:14:45,8.41,6.57,25.38,3.22,26.27,10.83,77.33,52.0,3.24,62608.55,19.33,Needs Cleaning,2.29
2024-10-02 02:46:45,5.1,8.36,0.11,0.45,20.65,34.82,60.28,17.24,9.22,31013.87,41.11,Needs Cleaning,1.43
2024-10-01 23:45:45,5.04,8.24,31.75,3.7,26.81,18.39,66.69,95.31,19.26,47658.56,30.55,Needs Cleaning,6.05
2024-10-01 01:44:45,10.04,6.31,1.85,2.13,28.56,11.92,89.37,15.97,2.05,26198.48,96.11,Clean,3.49
2024-10-01 17:15:45,8.7,7.12,43.63,2.59,27.87,23.84,50.6,2.64,2.24,22283.62,0.77,Clean,5.78
2024-09-29 12:40:45,11.46,7.58,6.05,2.19,25.95,34.81,68.71,45.78,1.11,43985.85,15.38,Needs Cleaning,3.92
2024-10-02 19:48:45,8.72,7.11,37.61,3.09,21.37,34.22,58.88,85.02,17.91,19336.13,19.86,Needs Cleaning,6.0
2024-10-01 17:23:45,4.92,6.97,24.0,1.69,17.58,36.82,74.25,5.59,14.99,89854.05,31.88,Clean,8.76
2024-09-29 01:10:45,5.62,6.33,15.45,0.9,28.51,35.11,88.13,5.98,3.49,15461.28,98.42,Clean,1.27
2024-09-30 01:48:45,10.8,8.46,27.7,1.71,19.86,22.3,62.62,78.54,9.11,23781.32,48.3,Clean,5.63
2024-09-30 10:00:45,7.56,6.06,44.68,0.48,29.28,17.09,65.35,21.79,18.46,82580.24,65.29,Needs Cleaning,9.22
2024-10-04 15:24:45,9.91,6.25,1.77,1.34,15.8,13.31,92.48,61.04,18.72,55848.69,61.49,Clean,8.3
2024-09-28 22:15:45,11.89,8.05,49.08,3.22,18.67,17.38,40.24,62.81,7.87,65724.78,26.14,Clean,2.28
2024-10-01 20:39:45,9.32,6.77,8.06,3.29,21.25,16.14,45.31,60.25,4.83,26764.33,60.49,Needs Cleaning,0.59
2024-09-29 17:42:45,10.95,8.26,32.78,0.08,22.96,23.63,54.28,99.07,14.3,93017.83,43.8,Clean,6.18
2024-10-04 09:38:45,10.13,8.01,11.12,3.36,21.49,10.77,95.38,86.65,7.7,90473.66,46.34,Needs Cleaning,2.6
2024-10-01 14:22:45,9.0,7.17,12.93,0.35,15.93,31.43,36.25,66.48,17.9,47015.61,46.65,Clean,2.25
2024-09-30 04:22:45,11.4,6.89,30.17,2.82,28.44,28.64,60.65,8.25,13.79,66444.79,86.03,Clean,3.51
2024-10-04 08:14:45,7.41,6.06,17.39,2.33,16.81,21.29,47.83,52.09,7.34,99356.89,35.77,Clean,3.0
2024-09-29 07:03:45,10.31,6.17,48.02,4.19,25.12,27.21,44.97,20.81,7.54,15420.73,41.85,Clean,0.09
2024-10-01 05:04:45,6.63,8.0,6.51,4.09,20.79,33.99,53.79,19.77,7.49,96662.52,61.64,Clean,7.56
2024-09-30 22:53:45,11.77,8.02,42.62,3.06,28.47,39.44,90.99,1.8,15.55,78824.05,19.95,Needs Cleaning,7.31
2024-10-03 11:08:45,4.43,6.49,43.94,1.38,24.0,24.84,58.67,71.34,13.07,42519.82,67.99,Clean,6.5
2024-10-02 19:09:45,11.74,6.31,6.66,4.77,25.59,17.08,79.56,59.01,5.48,60046.32,68.75,Needs Cleaning,2.47
2024-10-05 02:34:45,7.37,7.88,23.1,3.36,16.16,13.21,90.61,62.8,0.45,2764.62,1.15,Needs Cleaning,5.39
2024-09-30 20:27:45,11.08,7.01,25.31,4.25,27.93,11.16,58.85,23.68,4.13,94778.54,36.05,Clean,3.82
2024-10-03 23:28:45,4.66,7.92,49.23,3.6,20.18,27.19,56.47,39.33,6.8,85391.65,14.14,Clean,4.52
2024-10-03 04:52:45,11.77,8.25,15.9,1.55,20.75,37.13,62.97,50.96,10.53,98253.46,79.51,Needs Cleaning,7.46
2024-09-30 02:08:45,5.55,8.07,8.92,2.26,18.68,17.22,81.28,97.97,19.92,21296.02,2.46,Clean,6.22
2024-09-30 20:15:45,4.53,7.48,43.63,2.69,18.5,24.23,75.2,1.65,0.21,51688.45,64.41,Clean,7.99
2024-10-02 18:49:45,5.58,7.43,41.34,0.01,26.27,29.79,48.24,58.42,16.53,36792.03,6.19,Clean,1.8
2024-10-01 21:14:45,9.63,8.17,38.39,3.26,19.45,21.96,34.35,56.05,0.9,19471.32,68.26,Clean,4.55
2024-10-04 20:34:45,5.94,7.44,33.32,3.43,22.18,20.06,73.06,28.39,16.43,68599.37,20.85,Clean,8.43
2024-10-02 04:16:45,7.89,6.15,12.72,1.15,21.84,36.22,32.47,42.83,6.95,19965.32,18.96,Clean,4.47
2024-10-03 01:18:45,8.66,7.47,1.84,0.51,27.12,31.56,52.2,89.73,4.43,52405.51,59.84,Clean,0.22
2024-09-29 05:07:45,11.57,8.17,10.69,2.37,28.16,32.77,66.15,78.53,3.19,69440.09,44.13,Needs Cleaning,2.86
2024-10-01 09:29:45,6.52,6.16,28.85,1.81,25.0,30.54,42.91,78.12,1.51,63692.38,97.07,Clean,1.73
2024-09-30 08:25:45,11.87,6.29,8.57,1.83,15.9,36.72,62.42,10.23,18.77,59433.41,46.21,Clean,9.1
2024-09-29 07:53:45,6.52,8.34,31.29,3.95,23.52,23.93,89.44,70.84,15.82,61997.39,53.74,Needs Cleaning,8.85
2024-09-30 06:24:45,10.28,7.73,18.09,3.54,20.0,36.51,49.67,89.24,18.02,78179.3,26.26,Needs Cleaning,1.01
2024-10-01 01:56:45,8.01,6.72,13.85,4.76,25.99,39.37,58.07,67.71,7.78,13810.83,52.0,Needs Cleaning,8.67
2024-10-02 07:09:45,9.41,6.37,46.62,1.77,20.06,34.02,98.35,34.73,18.96,82889.03,71.96,Clean,0.27
2024-10-04 11:41:45,4.02,7.16,28.88,3.86,23.87,36.89,61.48,5.02,10.66,9641.41,51.8,Clean,6.53
2024-10-02 04:49:45,11.35,6.5,5.45,0.24,22.84,12.56,68.69,37.76,13.87,97353.27,77.96,Clean,9.03
2024-10-04 02:29:45,10.7,7.01,10.61,4.62,25.06,13.6,70.02,86.56,11.81,76840.84,70.53,Clean,7.41
2024-10-02 07:58:45,6.68,6.28,15.37,3.62,23.0,35.01,66.91,59.8,12.05,75910.06,28.17,Needs Cleaning,9.41
2024-09-29 08:40:45,7.7,7.08,3.65,1.78,25.33,17.55,90.72,70.01,4.48,53999.36,24.35,Needs Cleaning,8.5
2024-10-03 07:50:45,8.29,6.84,27.32,2.39,28.48,19.32,51.31,68.75,5.59,7496.34,98.07,Needs Cleaning,0.66
2024-09-29 16:56:45,8.66,6.68,0.28,0.98,17.38,27.42,32.27,17.17,10.81,95828.72,76.81,Clean,8.97
2024-09-30 13:07:45,5.9,7.21,41.34,0.28,15.79,27.28,89.38,98.98,8.64,17014.78,31.21,Clean,4.08
2024-10-05 14:49:45,8.2,8.35,42.72,2.39,24.29,32.35,87.11,98.13,14.96,83447.47,17.23,Clean,6.36
2024-09-30 10:41:45,8.3,8.23,0.02,2.66,26.3,34.52,64.08,18.03,14.94,71006.68,49.21,Clean,6.14
2024-09-30 05:17:45,11.86,7.61,34.6,1.06,20.91,28.83,60.41,14.34,4.74,12141.9,61.68,Clean,3.71
2024-10-04 18:28:45,4.18,7.59,45.19,1.19,21.51,12.83,65.19,60.68,11.88,29526.34,90.35,Clean,2.29
2024-09-29 00:34:45,10.72,7.78,48.88,1.43,16.32,38.1,39.33,26.72,14.6,82447.2,22.71,Clean,9.06
2024-09-29 16:33:45,7.31,7.19,8.52,2.99,18.91,32.35,38.75,37.81,2.71,58648.13,22.78,Needs Cleaning,2.68
2024-10-03 23:38:45,7.82,6.53,44.07,2.26,17.49,22.95,41.6,15.6,5.49,42638.87,15.31,Needs Cleaning,5.47
2024-09-29 11:03:45,9.24,6.33,2.83,1.89,17.23,33.88,54.66,66.12,11.7,14507.69,38.07,Needs Cleaning,7.23
2024-09-30 01:33:45,9.69,6.73,25.39,3.75,23.38,12.47,90.01,11.01,18.6,74415.86,65.65,Clean,1.3
2024-10-01 09:51:45,9.25,7.29,8.62,1.24,28.79,15.72,48.22,83.83,0.15,94543.49,26.51,Clean,0.19
2024-10-05 11:09:45,6.99,7.31,36.04,0.47,27.88,27.3,74.89,79.86,15.56,33448.82,21.3,Needs Cleaning,7.14
2024-10-03 18:13:45,11.06,8.5,44.53,1.98,23.34,26.26,95.27,67.11,1.22,86620.83,55.92,Needs Cleaning,4.67
2024-10-04 03:48:45,9.79,7.75,6.81,2.52,17.99,38.72,86.01,41.39,14.86,75605.44,32.18,Needs Cleaning,5.0
2024-09-30 03:13:45,6.14,6.44,7.32,1.91,26.8,34.58,85.76,90.85,19.58,42448.85,12.73,Clean,7.27
2024-10-03 03:05:45,6.15,7.13,19.05,2.5,24.17,27.26,72.35,76.74,14.38,75136.34,27.52,Clean,7.42
2024-09-30 01:16:45,9.16,7.91,38.82,1.44,19.63,36.71,93.55,60.49,0.72,32854.06,32.52,Clean,3.37
2024-09-29 21:32:45,8.5,7.26,48.19,1.33,22.29,13.84,57.0,8.94,3.1,87130.25,66.92,Needs Cleaning,1.34
2024-10-01 23:46:45,7.74,6.15,14.34,1.29,17.24,24.4,91.09,97.35,3.93,9852.37,96.95,Clean,5.81
2024-09-30 23:55:45,8.62,6.57,30.82,1.29,28.89,27.05,31.35,99.85,10.7,57815.19,28.43,Clean,3.5
2024-09-30 05:00:45,6.15,6.03,13.74,2.94,15.14,20.71,66.97,78.89,15.91,92633.74,96.74,Clean,1.14
2024-09-30 21:23:45,5.76,6.67,43.29,2.53,26.09,31.33,45.26,50.72,7.85,51651.35,10.17,Clean,5.97
2024-10-03 00:07:45,11.32,7.91,40.97,4.75,16.07,30.02,90.66,61.95,11.02,99946.51,84.6,Needs Cleaning,8.81
2024-10-02 07:15:45,7.86,6.49,10.03,2.42,23.12,39.28,32.94,22.9,17.3,79952.02,3.38,Clean,7.32
2024-10-01 23:19:45,10.1,6.16,29.19,4.13,22.55,24.98,35.59,32.96,16.85,97059.13,74.59,Clean,1.76
2024-09-28 21:22:45,7.19,7.17,1.81,1.73,21.14,26.21,88.9,14.28,10.47,64201.41,74.53,Needs Cleaning,5.4
2024-10-03 02:16:45,5.46,7.26,22.73,4.94,21.43,30.91,57.37,77.07,11.71,22012.44,21.1,Needs Cleaning,0.5
2024-10-05 16:19:45,5.94,6.67,12.95,4.26,19.13,21.64,36.93,33.96,4.34,68366.27,24.78,Clean,7.73
2024-10-04 20:03:45,5.9,7.33,26.81,1.62,17.83,14.18,54.32,98.65,9.38,67551.76,92.33,Needs Cleaning,9.69
2024-10-03 01:52:45,6.92,6.66,34.82,0.09,26.05,14.25,53.77,45.15,2.75,2455.47,81.12,Needs Cleaning,7.29
2024-10-04 13:18:45,5.37,8.02,6.15,0.53,22.45,17.99,99.32,89.47,11.52,30477.64,85.57,Clean,3.16
2024-10-02 07:09:45,7.47,7.64,18.12,2.87,29.47,18.04,36.63,30.25,1.17,71535.25,80.04,Clean,2.69
2024-10-04 01:18:45,7.57,8.05,44.23,4.47,23.06,24.8,69.47,69.48,0.43,89249.81,97.47,Clean,7.39
2024-10-01 00:43:45,4.61,7.16,36.41,4.68,22.62,15.94,69.29,56.98,8.41,77129.59,59.81,Needs Cleaning,7.3
2024-10-05 10:06:45,7.91,6.4,16.33,3.66,21.92,29.53,43.66,36.88,2.83,55802.7,18.12,Needs Cleaning,9.7
2024-09-29 01:26:45,5.04,6.96,37.37,1.31,20.2,27.56,90.42,46.94,13.04,16019.19,10.96,Needs Cleaning,6.0
2024-10-01 02:43:45,6.47,7.17,20.25,0.95,19.91,30.08,85.52,82.04,4.09,9714.83,45.86,Clean,1.37
2024-10-05 06:08:45,10.89,6.33,25.76,0.17,17.19,11.13,76.74,44.73,1.85,69322.35,35.48,Clean,3.01
2024-09-30 06:50:45,11.09,8.04,11.62,0.32,22.0,31.24,54.93,50.48,10.77,71769.84,18.75,Clean,4.67
2024-10-04 06:13:45,7.24,6.32,16.65,2.15,21.44,29.75,63.97,57.52,10.65,25731.6,91.73,Needs Cleaning,2.21
2024-09-29 22:46:45,4.25,8.34,28.93,2.13,18.15,22.82,63.53,15.89,16.48,95211.5,40.17,Needs Cleaning,3.58
2024-10-04 23:35:45,8.15,7.96,13.09,2.03,21.78,33.9,61.61,82.25,16.28,62327.74,58.65,Needs Cleaning,5.18
2024-10-01 04:49:45,11.92,7.98,13.58,0.65,28.29,24.05,89.07,95.74,13.17,99291.0,60.4,Needs Cleaning,2.17
2024-09-30 11:23:45,9.61,8.25,8.24,3.57,18.99,16.99,33.34,13.03,3.38,25803.22,22.56,Needs Cleaning,8.2
2024-10-03 19:42:45,11.35,7.32,10.71,3.57,25.08,36.61,84.96,92.37,4.34,44422.46,35.1,Clean,3.94
2024-09-29 14:05:45,11.68,7.64,30.62,1.92,17.45,31.82,88.92,99.05,7.03,99614.09,50.7,Needs Cleaning,7.78
2024-10-04 11:57:45,5.24,8.37,18.31,2.4,20.82,35.94,56.98,6.66,19.73,42227.78,85.05,Clean,6.67
2024-10-05 04:47:45,9.4,7.96,20.23,0.97,27.84,16.45,55.39,76.72,18.99,39380.68,17.03,Needs Cleaning,3.33
2024-10-01 05:54:45,6.93,7.88,27.47,0.73,27.06,26.86,46.43,59.05,16.78,13384.84,45.53,Clean,5.4
2024-09-30 10:28:45,7.57,7.87,8.73,3.62,28.86,28.91,51.52,98.91,15.12,55383.31,84.65,Clean,2.3
2024-10-03 16:44:45,7.61,7.83,9.43,2.24,22.71,16.94,60.58,32.06,14.68,72864.79,17.22,Needs Cleaning,3.98
2024-10-05 15:39:45,7.49,7.58,24.69,4.01,22.6,33.91,54.01,93.99,13.89,51350.45,89.73,Clean,9.39
2024-10-03 17:01:45,8.07,8.01,27.63,1.15,18.0,26.7,63.39,29.88,8.2,21539.98,87.05,Needs Cleaning,4.15
2024-10-02 22:42:45,9.74,8.41,7.92,3.55,15.21,24.1,40.47,48.15,7.31,78454.9,35.3,Needs Cleaning,1.62
2024-10-05 16:32:45,11.63,7.42,24.68,0.49,18.62,21.94,79.15,45.65,6.76,6481.11,38.7,Needs Cleaning,0.11
2024-10-01 19:00:45,9.89,6.69,20.07,4.96,22.99,22.51,36.66,18.44,1.48,73067.5,3.34,Clean,7.91
2024-09-30 06:34:45,10.22,7.22,41.15,0.68,18.77,12.96,81.17,92.8,7.2,84196.86,8.52,Needs Cleaning,9.21
2024-10-04 04:21:45,7.77,7.31,33.13,0.74,16.52,33.45,73.63,69.5,10.91,22128.65,43.6,Needs Cleaning,0.28
2024-10-01 16:10:45,9.65,8.03,41.08,2.51,26.95,13.65,63.29,3.99,3.03,58259.74,94.8,Clean,3.77
2024-10-01 22:13:45,9.97,7.95,43.9,2.27,16.77,31.63,78.73,10.58,10.53,39387.47,42.05,Needs Cleaning,5.88
2024-10-02 08:16:45,5.36,7.9,30.4,1.8,17.38,12.64,69.24,24.16,6.64,35674.41,88.82,Clean,5.53
2024-10-03 10:16:45,11.71,7.93,34.06,1.81,17.84,27.36,85.78,46.09,1.35,57409.35,69.83,Clean,4.8
2024-10-05 03:05:45,7.24,6.28,47.09,1.8,20.35,31.26,76.66,14.56,16.48,83738.85,8.72,Clean,1.12
2024-10-02 20:58:45,8.78,6.64,46.56,1.6,22.43,16.13,80.93,75.06,2.83,19776.86,12.89,Clean,9.18
2024-10-01 07:30:45,7.15,8.44,19.22,3.84,28.69,25.89,78.73,85.85,6.18,4349.24,2.37,Needs Cleaning,2.02
2024-10-03 21:58:45,7.55,6.69,6.35,0.39,20.38,22.65,98.63,31.1,12.59,17746.29,43.86,Clean,1.21
2024-10-04 21:20:45,7.99,6.01,5.56,1.5,26.02,17.4,53.77,72.39,1.11,59234.64,67.38,Needs Cleaning,0.3
2024-10-02 05:38:45,11.87,6.42,49.22,4.83,21.63,36.02,83.33,3.92,14.72,3458.89,54.28,Needs Cleaning,2.48
2024-09-30 00:14:45,6.65,8.04,45.87,0.51,21.39,26.44,39.86,15.26,17.91,54290.82,78.4,Needs Cleaning,0.82
2024-10-04 12:28:45,11.59,6.12,49.99,0.86,18.25,20.21,81.15,50.8,14.08,27007.97,23.9,Clean,7.49
2024-10-02 01:32:45,5.33,7.93,46.99,3.74,24.61,11.64,75.97,3.24,13.37,29275.69,12.44,Needs Cleaning,0.6
2024-09-30 23:38:45,9.28,8.01,21.99,2.75,29.42,30.22,81.23,36.84,19.09,48109.9,26.61,Needs Cleaning,8.06
2024-09-30 07:48:45,5.35,6.52,39.2,3.18,16.95,31.38,80.0,67.02,10.37,94171.71,76.67,Needs Cleaning,4.45
2024-10-02 14:04:45,9.96,6.28,10.32,0.28,21.68,27.43,48.83,98.22,7.03,21489.95,69.57,Clean,2.6
2024-09-30 08:43:45,5.54,7.92,32.94,0.55,29.89,35.72,54.03,18.97,17.73,20355.05,27.06,Clean,0.44
2024-10-02 15:32:45,10.0,7.84,3.69,4.48,24.68,17.25,48.02,35.0,15.11,9257.0,15.1,Clean,1.4
2024-10-04 03:53:45,9.82,6.83,8.33,4.31,25.92,29.77,55.4,83.76,19.77,63738.94,92.41,Needs Cleaning,5.23
2024-10-05 01:01:45,7.7,6.62,3.98,1.52,28.41,38.68,70.97,81.86,15.55,22599.92,52.05,Clean,4.37
2024-10-04 22:33:45,6.91,8.48,10.51,0.88,28.21,32.11,88.99,1.95,16.04,67177.01,89.86,Needs Cleaning,5.86
2024-10-02 12:39:45,10.95,8.18,25.34,2.62,19.8,33.51,69.55,11.73,0.06,79431.47,35.98,Clean,6.79
2024-10-04 17:03:45,6.72,6.83,5.52,3.64,18.02,33.2,81.15,68.38,9.85,99506.39,66.78,Clean,7.5
2024-10-02 14:07:45,8.37,8.47,34.06,3.91,24.46,20.69,60.92,28.23,5.78,22726.83,11.34,Needs Cleaning,9.53
2024-10-01 19:33:45,11.89,7.25,11.37,3.65,22.55,24.41,75.18,40.72,5.73,41007.53,72.11,Needs Cleaning,5.84
2024-09-30 18:10:45,9.93,6.9,47.96,2.88,21.17,32.22,39.83,99.89,13.25,56723.63,7.8,Clean,5.94
2024-10-03 17:37:45,4.46,7.11,40.3,3.76,23.06,17.68,64.79,68.25,19.79,69241.53,15.43,Needs Cleaning,6.79
2024-10-03 01:13:45,10.38,8.31,44.26,4.83,18.31,18.38,64.97,46.85,17.45,86090.71,93.28,Clean,0.93
2024-09-30 00:57:45,6.08,8.08,23.64,3.3,25.59,25.14,42.78,88.45,16.4,75293.57,82.62,Needs Cleaning,4.86
2024-10-03 18:05:45,5.96,7.98,5.42,0.43,23.09,37.53,68.52,68.58,14.44,2241.79,81.35,Needs Cleaning,1.75
2024-10-03 03:19:45,11.79,8.03,35.14,0.76,22.2,18.4,34.54,40.47,0.84,72604.15,87.98,Needs Cleaning,6.49
2024-10-03 02:57:45,6.79,7.46,39.59,0.46,24.11,35.36,79.44,18.86,13.49,70979.34,95.77,Needs Cleaning,9.77
2024-10-05 15:56:45,11.38,6.7,45.26,0.07,19.68,26.42,81.6,61.13,15.37,30832.75,57.58,Clean,2.61
2024-09-29 22:53:45,8.0,7.93,34.08,3.0,28.19,12.25,81.06,18.35,6.19,69561.58,29.63,Clean,1.82
2024-10-05 15:28:45,7.75,7.15,31.31,4.49,20.87,29.43,86.85,5.68,7.9,66841.53,30.42,Needs Cleaning,9.29
2024-09-30 05:14:45,7.61,8.14,46.39,1.54,22.06,15.02,58.77,66.36,9.57,88006.02,95.82,Needs Cleaning,5.87
2024-10-02 14:40:45,6.61,6.27,42.24,3.69,22.0,30.87,45.64,64.41,11.79,82561.52,24.08,Needs Cleaning,8.87
2024-09-29 13:33:45,7.08,7.0,15.25,4.57,24.7,17.99,68.67,6.7,7.48,57770.93,16.9,Needs Cleaning,0.83
2024-10-01 11:03:45,9.98,8.39,14.41,1.9,19.89,22.81,40.51,5.5,0.97,74494.55,8.4,Needs Cleaning,0.49
2024-09-30 19:49:45,4.31,6.69,12.24,4.15,15.11,29.2,83.69,78.44,15.22,92269.75,16.19,Clean,5.7
2024-09-30 07:55:45,10.57,7.2,18.27,1.01,15.85,35.25,72.91,4.64,19.28,46228.6,58.62,Clean,6.89
2024-09-29 10:59:45,4.04,7.52,37.88,3.04,15.39,12.67,91.14,5.41,6.65,23799.24,56.28,Clean,4.44
2024-10-01 19:00:45,9.8,6.9,47.85,2.52,20.05,18.05,66.43,58.47,12.43,97477.55,28.68,Clean,3.27
2024-09-30 21:19:45,5.85,6.54,47.34,2.18,23.04,17.67,86.57,67.15,5.77,64661.51,53.23,Clean,0.93
2024-09-30 17:16:45,8.2,6.1,33.19,3.13,26.2,23.29,99.09,59.14,2.57,63105.49,25.04,Needs Cleaning,6.26
2024-09-30 22:47:45,4.59,6.05,38.09,3.39,19.78,14.13,40.49,86.76,10.64,93891.66,2.58,Needs Cleaning,4.07
2024-10-03 23:52:45,10.42,6.59,30.29,3.81,16.43,17.29,47.89,17.42,2.11,4740.93,5.97,Needs Cleaning,4.57
2024-10-01 18:22:45,8.88,6.96,30.0,4.72,17.46,30.18,92.66,55.68,17.07,36313.48,69.77,Clean,3.83
2024-10-01 21:42:45,9.48,8.27,42.13,1.25,21.24,27.48,36.17,90.1,18.57,62731.82,11.8,Clean,1.3
2024-09-29 03:14:45,9.09,7.84,6.94,1.83,27.86,35.74,37.94,61.44,6.23,7473.79,39.43,Clean,9.2
2024-10-02 11:43:45,10.83,7.65,12.05,3.82,19.15,33.2,79.31,38.71,8.37,34121.11,78.69,Needs Cleaning,8.24
2024-10-04 21:22:45,4.96,7.39,20.54,3.28,23.35,15.16,97.18,19.26,17.24,49614.66,65.76,Clean,5.04
2024-09-30 01:32:45,5.61,7.06,39.16,2.84,19.64,15.78,46.15,72.79,14.55,46303.13,99.13,Needs Cleaning,0.52
2024-09-30 22:59:45,11.67,7.91,44.97,2.76,21.13,10.96,58.51,48.9,16.15,25731.74,68.33,Clean,2.92
2024-10-05 16:40:45,8.32,6.62,19.6,3.32,22.16,30.23,87.4,4.11,9.31,84064.42,27.89,Needs Cleaning,2.97
2024-10-05 07:40:45,4.13,7.89,36.45,4.59,25.78,39.41,93.88,81.84,7.39,3602.23,59.05,Clean,2.45
2024-09-30 00:22:45,8.71,6.33,49.65,1.16,27.81,39.26,73.51,21.89,8.11,85557.85,56.96,Clean,8.97
2024-09-29 04:52:45,9.8,7.19,13.19,4.35,18.57,14.35,72.33,58.19,2.63,78795.03,37.79,Clean,8.84
2024-10-01 02:21:45,8.12,7.76,37.02,0.13,22.22,22.04,30.79,3.36,14.77,6808.87,38.56,Needs Cleaning,3.66
2024-10-03 10:32:45,11.9,6.32,45.12,4.11,22.6,17.64,53.17,99.34,13.68,91031.75,26.7,Clean,8.15
2024-09-29 09:01:45,5.7,7.52,17.37,1.98,23.29,38.85,43.83,67.81,14.66,15877.37,33.02,Clean,4.35
2024-09-30 22:06:45,5.09,8.13,41.05,3.79,27.85,35.63,82.97,19.18,6.05,55143.65,8.17,Clean,2.0
2024-10-05 14:54:45,9.13,6.66,7.23,3.33,27.14,39.67,60.33,27.54,15.9,55731.18,19.61,Needs Cleaning,8.49
2024-10-05 00:21:45,11.09,6.11,33.22,4.58,18.01,22.83,51.13,32.64,1.97,40348.11,60.32,Clean,8.15
2024-09-30 21:10:45,7.28,8.24,0.75,4.01,22.65,15.52,34.76,38.79,5.66,42912.19,54.32,Needs Cleaning,3.39
2024-09-29 11:10:45,8.14,6.08,24.93,4.93,18.37,31.19,36.52,42.68,2.63,76932.56,20.74,Needs Cleaning,1.48
2024-09-30 21:00:45,4.08,6.26,0.41,0.36,27.3,31.15,72.14,77.87,8.13,61511.79,20.74,Needs Cleaning,2.4
2024-09-28 20:28:45,8.8,6.25,35.26,0.98,24.29,26.25,61.15,78.69,1.62,3534.9,92.59,Clean,0.51
2024-09-30 18:15:45,5.08,6.39,25.64,3.36,29.34,17.27,71.91,37.84,6.02,55443.5,92.58,Needs Cleaning,0.38
2024-10-03 06:54:45,4.8,7.69,19.99,1.61,25.68,18.5,73.26,9.24,4.63,28433.21,42.84,Needs Cleaning,5.66
2024-10-02 20:28:45,7.19,8.26,13.16,4.03,23.97,23.92,45.61,4.72,1.7,50509.51,85.72,Needs Cleaning,1.42
2024-10-04 05:33:45,5.06,8.49,28.69,2.56,22.38,38.5,65.58,23.83,7.46,18413.22,39.87,Clean,7.24
2024-09-29 16:53:45,6.69,8.2,0.49,3.72,16.44,36.71,82.42,87.18,10.25,45587.7,44.26,Needs Cleaning,3.87
2024-10-02 00:35:45,8.19,7.56,7.89,0.07,21.29,22.5,62.3,64.99,3.65,62326.22,29.16,Needs Cleaning,1.73
2024-09-29 12:28:45,4.54,7.05,49.08,4.63,29.27,28.58,87.38,52.54,2.24,99974.77,34.75,Needs Cleaning,8.33
2024-09-30 06:48:45,6.71,8.37,20.14,0.8,21.79,14.5,97.3,45.62,10.1,12514.91,77.64,Needs Cleaning,1.92
2024-10-03 00:38:45,5.76,6.94,31.62,0.06,20.24,36.23,83.39,87.3,2.03,14129.93,21.23,Needs Cleaning,3.3
2024-09-30 02:55:45,8.28,6.7,6.98,4.14,15.52,34.47,32.86,38.35,14.08,23044.99,13.94,Needs Cleaning,0.89
2024-09-30 04:40:45,9.51,7.73,34.08,4.07,18.26,11.84,41.8,23.08,15.35,60713.87,70.04,Clean,8.91
2024-10-02 13:47:45,10.23,7.68,28.25,4.87,20.63,38.68,96.0,6.49,18.09,71473.68,16.17,Clean,0.41
2024-10-03 10:25:45,8.27,7.7,0.74,0.46,26.78,19.94,54.33,67.65,13.93,8258.24,12.61,Clean,0.27
2024-10-03 15:19:45,5.17,7.37,45.38,4.71,23.01,37.09,85.99,97.9,17.79,30209.32,26.99,Clean,5.82
2024-10-05 04:44:45,8.05,6.58,29.29,0.55,23.52,28.27,84.13,5.07,19.59,99594.42,77.05,Clean,2.85
2024-10-03 18:14:45,5.15,7.31,7.53,4.64,27.48,20.2,75.44,75.48,19.76,48978.79,35.69,Needs Cleaning,2.4
2024-09-29 13:25:45,11.47,7.91,31.24,2.55,17.72,26.75,79.17,36.51,8.15,7890.06,85.86,Clean,2.28
2024-10-02 11:15:45,7.93,6.37,17.52,2.06,16.19,31.99,74.52,74.1,2.41,24214.09,46.52,Clean,3.65
2024-09-29 09:21:45,4.48,7.51,6.01,3.79,18.49,36.68,48.22,32.39,1.72,70318.07,71.42,Needs Cleaning,1.03
2024-10-02 15:32:45,8.29,7.9,9.31,1.97,28.59,27.94,37.63,53.33,2.18,18080.78,17.81,Clean,8.5
2024-10-04 12:38:45,8.29,8.08,6.32,1.63,21.61,29.03,76.65,77.45,4.07,23979.04,53.96,Needs Cleaning,2.61
2024-09-30 23:15:45,8.22,7.58,43.15,4.11,24.5,12.74,31.29,24.99,6.31,17415.77,55.0,Needs Cleaning,6.99
2024-10-03 00:24:45,11.31,7.0,34.86,4.81,22.22,25.6,49.13,28.27,16.26,58860.8,89.65,Needs Cleaning,6.17
2024-10-01 01:06:45,10.05,7.27,29.0,2.13,15.13,26.65,63.68,84.32,2.85,7157.22,39.06,Clean,6.91
2024-10-02 22:01:45,5.89,6.27,44.62,4.16,22.22,16.41,92.18,67.31,14.71,48810.09,30.92,Clean,0.84
2024-09-30 02:49:45,10.2,6.2,46.17,3.05,28.14,30.6,54.46,34.62,8.24,93577.82,75.91,Clean,7.96
2024-09-29 12:44:45,10.7,6.68,15.14,3.26,28.84,36.87,53.81,55.78,18.9,43319.58,97.13,Clean,6.18
2024-10-05 07:02:45,9.7,8.15,48.63,4.03,28.81,32.94,94.64,30.63,7.56,1958.23,7.44,Needs Cleaning,7.35
2024-10-01 12:29:45,6.33,7.05,38.06,2.3,18.31,15.71,33.42,47.96,14.26,50527.29,43.31,Needs Cleaning,4.99
2024-10-01 02:44:45,6.56,7.53,5.09,4.47,21.03,31.72,85.77,19.1,2.34,61286.34,80.31,Needs Cleaning,4.91
2024-09-29 03:42:45,7.25,7.18,11.99,3.11,28.16,16.49,77.81,40.56,0.7,44380.19,49.65,Needs Cleaning,7.79
2024-10-03 16:08:45,9.4,6.6,10.42,1.52,19.59,18.38,88.23,71.98,4.59,80465.06,55.1,Needs Cleaning,6.46
2024-10-05 09:37:45,11.12,6.14,32.71,1.79,15.92,14.7,38.94,18.54,2.02,57195.32,94.1,Clean,3.77
2024-10-02 11:08:45,9.18,7.31,14.48,4.77,22.66,20.17,75.74,7.78,6.6,89145.11,60.73,Clean,8.05
2024-10-04 17:34:45,7.93,6.1,29.16,3.35,19.31,10.79,76.79,71.34,11.44,76563.16,19.73,Clean,5.7
2024-09-30 03:31:45,8.35,8.33,25.33,3.24,29.48,13.54,86.07,30.46,0.02,51923.76,69.8,Needs Cleaning,3.23
2024-09-29 13:28:45,11.94,7.51,41.86,3.91,26.38,34.91,33.31,44.87,9.44,88889.67,97.34,Needs Cleaning,3.47
2024-09-29 00:34:45,10.95,7.37,10.79,2.74,22.37,32.25,97.61,32.75,2.6,22544.21,89.6,Clean,1.13
2024-10-01 14:54:45,8.59,7.9,30.19,2.69,22.83,25.83,64.34,14.99,16.91,35738.56,30.29,Clean,0.69
2024-09-30 09:20:45,10.01,6.17,36.75,3.64,28.89,33.87,49.0,82.99,15.76,91096.59,9.01,Needs Cleaning,3.42
2024-10-02 02:51:45,5.14,7.72,20.62,1.12,22.19,35.68,97.83,68.09,1.81,73883.98,0.26,Clean,8.25
2024-09-30 06:53:45,10.13,6.19,18.75,2.2,22.0,28.28,46.08,13.4,15.68,97241.29,12.92,Needs Cleaning,2.43
2024-10-02 23:36:45,6.54,7.88,35.8,2.56,22.22,32.28,42.82,95.49,10.88,8135.36,3.42,Needs Cleaning,1.68
2024-10-01 19:06:45,10.7,6.39,34.91,0.44,25.8,14.77,93.43,10.46,1.9,8650.22,92.07,Clean,6.79
2024-09-29 21:40:45,4.31,7.06,6.01,0.45,23.11,35.24,77.52,81.53,19.58,28444.64,40.88,Needs Cleaning,0.18
2024-10-01 22:44:45,8.11,8.18,10.9,4.71,20.39,29.88,69.56,81.28,18.49,13985.51,83.15,Needs Cleaning,6.46
2024-10-02 05:44:45,4.74,7.34,23.71,2.2,18.4,30.49,78.89,72.9,18.53,72304.79,30.61,Needs Cleaning,1.48
2024-10-03 15:54:45,4.96,6.49,42.61,2.82,16.73,17.77,39.74,35.03,14.49,49425.03,4.72,Clean,1.22
2024-09-30 01:43:45,11.6,8.05,46.87,2.78,16.09,24.25,61.0,70.01,1.53,18431.02,3.46,Clean,6.04
2024-10-01 04:08:45,9.13,6.53,28.33,2.87,24.72,15.61,74.97,89.45,17.13,12962.44,25.01,Clean,5.01
2024-10-01 07:06:45,8.8,7.86,9.82,0.38,20.07,34.23,46.17,44.52,0.84,86921.1,69.59,Clean,8.2
2024-10-02 17:57:45,10.17,6.63,20.93,2.87,15.96,21.95,95.18,59.42,9.73,85870.16,44.22,Clean,8.0
2024-10-01 12:59:45,11.64,6.75,26.65,1.19,17.04,10.14,95.45,16.25,7.83,56761.33,14.65,Clean,9.34
2024-10-03 17:10:45,4.6,7.76,36.66,3.86,20.59,35.92,38.94,37.25,8.62,61006.29,91.71,Clean,7.15
2024-09-30 00:48:45,11.54,6.21,13.72,2.52,26.23,11.75,67.0,54.79,5.6,27050.17,11.69,Clean,8.67
2024-10-04 21:02:45,9.37,7.15,46.76,1.52,20.02,32.47,78.44,80.38,10.49,99086.36,19.08,Needs Cleaning,5.08
2024-10-02 06:11:45,5.0,8.05,29.76,4.35,25.78,32.63,99.95,71.97,14.72,50365.61,98.67,Needs Cleaning,6.84
2024-10-02 08:11:45,6.16,7.74,3.5,3.29,20.97,30.61,49.07,29.58,17.21,56122.84,83.62,Needs Cleaning,4.84
2024-09-29 01:12:45,4.36,6.13,30.01,1.51,16.52,10.75,66.77,14.19,0.72,27418.0,18.54,Clean,0.47
2024-10-05 13:24:45,9.07,7.83,5.17,4.67,17.69,10.62,78.27,6.07,17.72,61032.75,70.67,Clean,5.19
2024-10-04 08:17:45,8.76,7.42,19.76,3.84,20.82,14.48,63.68,77.22,17.11,67420.94,87.35,Clean,2.69
2024-10-04 20:30:45,5.52,6.83,6.93,1.3,15.88,23.59,40.06,30.89,10.47,3388.99,10.75,Needs Cleaning,7.82
2024-10-05 09:29:45,8.42,6.07,42.08,4.18,27.23,24.59,57.42,82.11,8.78,38551.84,98.15,Needs Cleaning,1.84
2024-10-03 11:51:45,10.94,6.85,46.14,3.23,27.95,25.15,71.86,43.57,10.04,28594.48,66.36,Needs Cleaning,9.41
2024-10-01 11:08:45,10.82,8.18,7.15,4.1,17.52,31.51,93.85,76.4,8.62,21751.27,10.82,Needs Cleaning,5.1
2024-09-29 11:59:45,4.22,8.46,1.82,2.99,28.71,15.45,80.75,41.39,18.79,15255.32,51.64,Clean,3.4
2024-09-29 05:22:45,6.82,6.91,17.11,4.57,23.98,36.9,74.16,5.44,15.16,79527.17,20.72,Needs Cleaning,9.85
2024-10-01 21:10:45,9.99,7.27,49.33,4.93,20.58,37.14,51.04,18.37,10.41,92953.17,33.57,Needs Cleaning,8.61
2024-09-29 19:29:45,4.95,6.86,33.01,4.88,17.11,31.91,61.49,38.32,10.91,31805.24,5.47,Needs Cleaning,9.43
2024-09-29 14:58:45,6.81,7.39,23.34,0.72,18.58,25.51,69.85,50.23,18.11,16769.66,3.94,Clean,2.63
2024-10-05 02:10:45,8.85,7.08,23.25,2.98,27.18,24.99,92.35,88.8,12.63,75776.63,59.17,Clean,1.51
2024-09-30 09:29:45,6.32,8.15,33.84,2.52,23.93,27.35,58.37,80.1,11.69,30113.66,25.9,Needs Cleaning,8.72
2024-10-03 21:58:45,4.25,6.29,33.72,1.48,17.25,38.71,57.35,12.33,3.01,8329.44,10.08,Clean,0.7
2024-10-02 14:12:45,6.35,6.92,33.44,0.37,24.52,27.51,51.59,70.18,10.58,13568.59,20.82,Needs Cleaning,6.6
2024-10-01 21:37:45,8.25,7.26,25.5,0.41,19.5,33.02,65.88,50.01,13.26,44011.84,72.83,Needs Cleaning,7.51
2024-10-02 00:23:45,11.28,7.32,0.74,3.45,23.48,38.03,80.08,20.49,15.72,96410.77,7.53,Needs Cleaning,0.92
2024-10-02 11:51:45,11.42,6.7,35.6,4.1,20.0,18.62,68.33,2.73,2.44,1270.15,52.62,Clean,3.22
2024-10-02 22:54:45,11.03,8.32,11.46,4.46,21.96,17.94,87.86,87.7,1.97,94965.98,8.68,Needs Cleaning,2.99
2024-10-02 17:31:45,5.24,7.06,11.62,2.72,26.3,14.57,35.59,50.71,8.95,50028.11,34.11,Clean,8.02
2024-10-01 08:44:45,10.18,7.03,7.29,3.01,17.44,28.61,36.99,90.94,2.59,29015.79,80.58,Clean,1.73
2024-10-01 16:13:45,9.9,6.27,15.66,2.36,18.14,13.4,30.49,39.25,11.44,96276.94,75.84,Clean,2.41
2024-10-02 12:02:45,5.56,6.18,40.37,1.42,29.68,35.97,82.33,6.42,19.63,38958.05,89.25,Clean,5.5
2024-09-28 21:24:45,11.25,6.94,7.84,4.01,23.22,19.08,58.87,52.22,9.98,48986.32,64.25,Needs Cleaning,4.15
2024-10-01 14:52:45,4.15,7.89,25.72,1.78,24.86,38.76,99.84,89.98,2.21,57601.3,94.44,Clean,9.38
2024-09-30 06:29:45,9.53,7.08,22.87,3.31,23.29,30.1,66.13,78.05,6.88,27669.54,86.18,Clean,2.8
2024-10-04 03:33:45,11.8,7.72,8.17,2.21,28.53,25.65,36.61,32.19,11.39,37372.45,9.88,Needs Cleaning,4.82
2024-09-30 07:18:45,6.54,7.55,16.74,3.64,21.37,20.16,41.87,22.53,2.15,63425.45,4.26,Clean,6.02
2024-10-01 02:29:45,5.1,8.44,21.9,1.19,21.82,12.58,81.91,25.7,17.16,22043.24,22.64,Needs Cleaning,8.1
2024-09-30 20:33:45,11.48,8.4,39.02,2.36,26.85,37.49,59.54,77.73,11.1,77516.19,61.99,Needs Cleaning,3.26
2024-10-03 10:03:45,6.18,6.15,37.64,1.57,24.34,31.72,66.49,20.57,19.02,76438.85,43.41,Needs Cleaning,9.19
2024-10-05 07:20:45,4.02,8.14,31.51,0.55,19.76,36.38,32.69,51.15,2.63,55540.39,65.96,Needs Cleaning,3.57
2024-10-04 10:48:45,9.04,6.7,45.23,0.9,15.19,34.93,32.4,45.18,12.75,8803.61,48.18,Clean,3.88
2024-10-02 06:41:45,10.56,6.58,18.67,4.75,19.72,35.63,53.83,40.75,8.77,2486.6,53.94,Clean,7.32
2024-10-02 20:12:45,4.39,6.43,10.28,3.52,25.23,16.5,57.1,16.33,3.76,32736.78,82.98,Needs Cleaning,5.39
2024-10-05 14:32:45,6.16,8.46,22.99,4.02,15.48,38.69,40.39,40.81,1.49,58146.39,74.33,Clean,9.44
2024-10-01 02:45:45,9.67,6.52,47.32,0.32,24.75,38.4,36.31,56.54,17.53,68394.21,56.45,Needs Cleaning,7.54
2024-09-29 09:12:45,11.23,6.45,39.64,3.77,25.97,29.85,37.14,87.0,15.37,92544.06,53.8,Clean,7.05
2024-09-30 19:17:45,6.8,7.27,41.5,3.89,16.11,39.7,98.37,0.36,11.05,73465.77,9.86,Needs Cleaning,4.66
2024-10-03 08:02:45,6.24,6.16,1.19,4.94,22.6,33.6,76.13,75.04,9.39,82512.33,58.15,Needs Cleaning,1.42
2024-10-03 05:40:45,6.67,6.57,24.96,1.98,18.78,16.6,46.28,92.99,13.48,11810.13,57.9,Clean,6.39
2024-10-02 05:56:45,9.01,6.33,25.29,3.95,16.34,22.91,38.42,80.45,16.03,53644.63,85.85,Clean,8.43
2024-10-05 03:03:45,7.66,6.31,27.72,1.25,21.84,39.29,71.07,98.06,10.89,40016.42,44.54,Needs Cleaning,0.09
2024-10-03 11:59:45,10.25,6.32,16.41,1.58,20.06,17.28,65.85,97.11,6.59,89550.63,29.36,Clean,1.47
2024-10-05 04:38:45,9.48,7.55,41.1,4.65,28.86,18.15,98.08,9.18,10.11,7615.47,22.2,Needs Cleaning,0.3
2024-10-02 11:41:45,11.53,6.45,28.84,1.55,27.26,20.37,70.24,84.45,2.77,10159.21,44.37,Clean,3.3
2024-09-29 20:46:45,11.17,8.43,36.99,4.39,29.33,10.18,91.36,12.07,7.12,41902.19,83.11,Clean,9.22
2024-10-02 19:05:45,10.75,6.62,32.08,0.24,24.56,30.29,94.97,79.11,9.14,39264.38,97.72,Clean,6.17
2024-10-03 15:40:45,4.65,6.01,39.09,0.63,25.61,17.05,82.79,5.52,5.87,75495.26,98.73,Clean,0.29
2024-09-30 04:39:45,7.85,6.34,29.98,3.97,17.76,30.54,93.01,98.93,18.74,24563.6,9.93,Clean,1.76
2024-10-04 18:46:45,4.48,6.51,27.41,0.55,27.41,38.35,54.59,66.51,7.51,80439.79,78.01,Clean,4.58
2024-10-04 01:48:45,7.74,6.49,34.0,0.63,20.19,20.36,31.03,92.39,16.53,9476.87,99.49,Clean,0.77
2024-10-02 10:41:45,10.95,6.41,34.59,4.52,23.2,36.52,98.01,24.57,10.86,55425.88,64.13,Needs Cleaning,1.34
2024-09-30 15:43:45,11.97,6.87,28.41,0.26,28.97,22.41,60.86,25.5,10.77,22243.96,58.85,Needs Cleaning,6.49
2024-10-03 16:24:45,8.35,6.37,43.89,4.35,22.72,20.28,93.88,23.08,0.94,78617.93,7.04,Needs Cleaning,9.28
2024-09-29 04:05:45,10.75,7.09,42.83,4.88,29.73,13.8,77.58,17.5,12.24,71917.9,63.88,Needs Cleaning,8.73
2024-10-04 11:06:45,9.39,6.32,36.69,0.56,25.04,18.3,54.81,78.98,4.66,35825.37,37.14,Needs Cleaning,4.39
2024-09-29 13:49:45,4.62,7.6,6.69,2.8,24.57,21.64,85.66,60.92,16.33,51894.65,90.6,Clean,3.11
2024-09-29 02:00:45,5.9,6.45,48.1,1.56,27.51,35.47,48.98,37.68,11.78,57255.24,14.23,Needs Cleaning,7.07
2024-10-05 09:47:45,8.34,7.9,7.63,1.19,21.43,13.25,93.71,76.11,8.2,87654.11,83.04,Clean,7.47
2024-10-05 14:10:45,9.49,6.35,19.57,4.18,28.93,23.86,51.76,47.94,10.43,54627.98,2.48,Needs Cleaning,0.5
2024-10-04 22:27:45,7.14,7.94,44.28,2.08,17.96,12.72,37.2,63.35,15.42,12387.43,70.38,Needs Cleaning,6.18
2024-10-03 09:32:45,9.39,7.2,43.9,1.14,16.77,19.27,36.78,35.37,0.32,19773.16,47.1,Clean,9.28
2024-10-04 08:55:45,5.81,8.3,30.23,0.94,16.69,13.83,32.22,2.33,8.23,93068.0,82.4,Needs Cleaning,1.96
2024-09-30 22:34:45,7.39,7.13,11.71,0.41,24.36,12.15,53.55,12.58,12.71,55786.39,34.62,Needs Cleaning,9.46
2024-10-04 15:29:45,8.33,6.88,33.17,2.09,25.4,17.95,48.17,32.24,17.33,43322.48,40.4,Needs Cleaning,4.65
2024-10-03 14:52:45,7.41,8.25,4.94,0.72,24.05,39.47,93.96,52.72,1.22,9962.3,1.61,Needs Cleaning,7.63
2024-09-30 23:53:45,6.15,7.16,6.52,0.99,23.59,24.47,57.56,28.99,11.9,31334.56,34.68,Clean,0.2
2024-10-01 00:04:45,8.46,7.34,45.37,3.81,15.99,21.19,92.43,39.03,16.5,28815.3,13.34,Needs Cleaning,7.94
2024-10-05 02:21:45,5.55,7.11,16.62,2.56,29.8,31.53,99.78,18.32,12.0,26900.13,26.49,Needs Cleaning,1.18
2024-10-04 19:10:45,5.66,6.24,7.88,0.86,27.85,12.18,70.16,5.51,2.62,65901.69,1.87,Needs Cleaning,8.78
2024-09-30 05:29:45,10.61,6.27,46.82,2.72,27.87,27.21,62.28,42.87,19.86,30560.81,7.54,Clean,8.87
2024-09-29 17:46:45,4.35,7.58,44.14,3.32,28.74,35.92,63.9,55.83,16.35,79687.74,34.42,Clean,5.53
2024-10-04 21:48:45,11.13,6.62,1.32,2.73,27.51,23.77,60.84,42.52,18.33,99393.31,82.26,Needs Cleaning,1.08
2024-10-04 06:40:45,8.79,6.77,36.41,1.33,24.39,32.66,91.24,24.53,14.88,19486.82,3.06,Clean,1.58
2024-10-01 23:22:45,4.18,6.45,11.59,1.89,19.5,32.92,30.09,5.95,9.71,62410.5,6.25,Needs Cleaning,2.34
2024-10-05 05:54:45,6.62,8.43,45.53,2.99,21.7,18.5,51.81,34.91,19.6,439.89,88.88,Clean,6.89
2024-10-03 19:35:45,6.41,6.1,38.58,1.93,27.55,31.47,70.46,83.33,1.99,42267.18,47.16,Clean,6.86
2024-10-05 16:37:45,5.94,8.15,29.78,4.27,21.38,11.5,59.86,99.55,7.8,65720.38,39.86,Clean,2.97
2024-10-04 17:55:45,4.57,6.62,5.37,4.42,25.83,15.16,64.14,80.5,6.46,67443.91,52.18,Clean,9.6
2024-10-02 17:46:45,6.3,8.29,2.54,0.15,17.13,10.38,56.69,48.71,1.15,73539.26,26.34,Needs Cleaning,1.03
2024-09-29 19:10:45,11.06,6.11,47.4,0.96,20.15,11.08,61.64,72.28,18.4,39525.8,48.63,Clean,2.59
2024-10-04 18:43:45,5.36,7.01,33.84,2.65,24.1,29.33,66.89,69.47,17.23,63791.5,72.95,Needs Cleaning,2.19
2024-09-29 03:55:45,5.69,6.75,6.81,0.05,24.05,17.19,44.38,20.92,10.11,16136.19,32.72,Clean,1.08
2024-10-04 21:56:45,8.14,6.74,23.54,2.07,16.78,26.37,43.64,4.14,19.69,67592.08,94.4,Clean,2.45
2024-09-30 00:33:45,5.52,7.89,44.6,3.39,17.38,34.23,97.22,34.25,15.44,25038.55,95.88,Needs Cleaning,4.18
2024-09-30 17:58:45,9.42,8.06,46.1,0.39,29.45,38.11,60.31,95.96,8.3,53236.98,72.37,Clean,7.78
2024-09-29 21:02:45,10.87,7.82,38.84,1.41,24.39,22.84,68.11,58.74,6.95,90253.78,18.84,Needs Cleaning,6.1
2024-09-30 04:20:45,10.09,7.05,10.55,2.33,24.63,13.22,59.14,9.64,12.73,45974.44,78.52,Clean,6.17
2024-10-02 11:48:45,5.09,6.95,35.43,0.09,28.93,12.56,45.9,3.09,4.46,75233.37,26.99,Needs Cleaning,3.81
2024-10-04 18:50:45,9.31,6.54,28.73,2.88,18.1,15.72,42.62,61.83,15.38,20100.81,90.9,Clean,3.13
2024-10-05 08:29:45,9.02,7.96,45.78,2.1,15.66,17.29,55.92,11.33,14.6,83030.79,89.14,Needs Cleaning,1.88
2024-09-29 20:14:45,10.45,7.49,43.52,2.45,19.3,13.17,72.56,27.38,16.2,85634.5,99.43,Needs Cleaning,6.33
2024-10-05 11:21:45,10.26,8.47,30.79,3.14,16.13,20.72,62.93,1.32,18.33,57108.64,23.26,Clean,2.93
2024-10-01 23:08:45,5.01,6.69,21.73,0.72,16.67,36.24,90.79,86.71,4.05,90219.63,90.14,Clean,5.41
2024-09-29 13:27:45,8.83,7.75,7.25,2.66,21.44,37.68,55.68,75.73,19.74,55837.91,52.97,Clean,9.38
2024-10-04 16:52:45,10.04,6.9,26.32,4.11,28.73,29.28,37.53,35.37,12.87,55084.94,41.39,Clean,1.7
2024-10-01 10:21:45,11.17,6.78,17.62,1.98,19.6,35.82,99.39,94.36,0.16,59369.67,22.61,Clean,3.24
2024-10-04 07:03:45,6.71,7.18,3.51,3.75,16.6,14.63,67.92,65.87,14.1,97791.89,65.83,Needs Cleaning,0.46
2024-10-02 13:08:45,10.46,6.18,21.61,3.92,29.75,31.19,62.07,46.07,18.78,36208.15,59.21,Clean,8.3
2024-09-28 19:54:45,4.44,6.89,1.34,3.73,26.12,24.16,81.11,57.47,8.42,34322.97,17.24,Needs Cleaning,4.51
2024-10-03 09:04:45,11.71,8.22,30.64,3.35,22.02,27.83,64.23,25.74,5.69,88332.09,80.7,Needs Cleaning,1.71
2024-10-01 14:09:45,6.98,7.59,38.92,1.06,26.62,21.27,57.35,89.89,7.4,23998.41,61.06,Clean,0.02
2024-10-02 02:47:45,4.43,8.01,16.85,0.69,20.19,19.58,94.91,77.85,15.44,3218.8,76.35,Needs Cleaning,7.13
2024-10-01 23:26:45,11.85,7.65,5.48,2.25,27.63,14.24,36.14,58.46,16.62,25283.81,75.97,Needs Cleaning,6.98
2024-09-29 00:00:45,9.35,6.2,49.64,1.34,25.14,37.6,62.12,35.38,2.19,88448.2,52.15,Clean,4.03
2024-10-02 08:58:45,4.94,8.34,47.26,3.84,24.39,14.44,91.51,43.89,4.05,10590.44,98.19,Clean,8.03
2024-10-03 09:48:45,6.07,8.3,4.52,2.15,26.96,17.57,42.31,98.33,7.28,6129.32,47.62,Clean,8.29
2024-10-02 09:44:45,7.03,8.49,45.89,1.35,27.74,24.61,70.58,67.66,4.39,88981.24,39.64,Clean,8.07
2024-09-29 17:03:45,4.84,6.99,34.14,1.98,26.61,22.72,80.23,62.43,3.36,91037.08,9.4,Clean,6.92
2024-09-28 23:53:45,9.22,8.24,48.26,3.47,20.74,35.78,73.58,1.24,8.14,65672.55,8.46,Clean,9.93
2024-09-29 20:37:45,5.11,7.72,30.34,4.79,22.97,14.25,47.71,86.64,3.42,46443.88,98.4,Clean,6.52
2024-10-05 17:08:45,4.24,7.07,16.84,2.96,23.24,10.94,87.78,39.13,2.49,90022.4,40.54,Needs Cleaning,9.65
2024-09-29 22:35:45,7.87,7.83,45.11,2.73,23.01,19.23,94.98,40.65,9.32,32382.12,12.02,Needs Cleaning,9.81
2024-10-03 00:56:45,7.15,7.45,38.94,3.42,21.84,30.3,33.35,1.58,16.12,82120.47,87.8,Needs Cleaning,6.77
2024-09-29 15:17:45,9.12,7.86,27.98,0.3,23.58,25.69,78.21,56.31,19.72,60395.44,6.22,Needs Cleaning,8.45
2024-10-04 19:53:45,6.55,7.92,3.54,1.6,15.43,27.87,43.21,13.6,12.36,88723.49,83.31,Clean,3.62
2024-10-03 18:00:45,7.81,8.12,0.81,2.45,23.15,24.56,96.33,32.3,13.57,89014.0,13.09,Needs Cleaning,3.08
2024-09-29 21:07:45,4.76,6.03,1.66,3.34,18.39,25.17,32.57,68.76,15.29,12811.1,21.35,Needs Cleaning,6.45
2024-10-02 23:42:45,4.27,6.56,46.75,4.52,15.76,32.09,91.79,5.57,3.11,89813.19,51.44,Needs Cleaning,7.08
2024-09-29 01:23:45,10.83,8.28,46.37,0.23,29.03,11.01,78.68,12.36,0.99,67142.24,95.55,Clean,1.54
2024-09-29 00:37:45,5.59,7.98,12.57,2.41,23.16,34.54,99.41,66.49,4.28,63393.18,21.48,Needs Cleaning,4.66
2024-10-02 02:25:45,10.49,7.15,12.82,3.32,24.05,27.51,51.38,65.22,8.71,26267.53,4.17,Clean,8.37
2024-09-29 05:14:45,7.13,7.59,48.31,3.94,23.22,21.5,48.88,13.25,10.35,96117.88,50.99,Needs Cleaning,4.96
2024-10-05 11:00:45,9.9,6.33,22.64,0.79,27.7,13.55,33.29,96.42,16.52,6290.5,3.01,Needs Cleaning,5.48
2024-10-02 11:19:45,9.56,8.26,48.84,3.31,26.97,37.9,61.78,24.46,0.21,89086.84,11.08,Clean,2.87
2024-10-01 00:31:45,11.11,6.44,1.9,4.66,26.34,16.47,54.71,64.72,10.41,71153.97,27.23,Needs Cleaning,1.04
2024-10-03 07:41:45,11.43,8.31,37.45,4.78,19.67,33.04,95.21,85.82,15.58,18943.58,77.44,Needs Cleaning,6.68
2024-10-02 00:24:45,8.11,7.06,43.15,2.98,26.34,30.23,97.78,60.13,19.28,42757.83,71.0,Needs Cleaning,5.03
2024-10-03 10:32:45,11.67,7.29,48.87,3.14,29.45,16.68,56.86,69.79,13.08,7847.69,72.24,Needs Cleaning,3.74
2024-10-02 20:02:45,4.32,6.67,2.41,3.82,24.09,30.28,82.72,13.44,14.96,56338.57,98.64,Clean,3.31
2024-10-03 23:29:45,10.78,8.15,32.98,4.84,22.87,22.56,32.68,92.32,7.59,78231.95,46.11,Clean,4.06
2024-09-29 02:13:45,6.02,6.45,47.81,0.65,17.64,10.1,46.12,89.03,14.23,22853.28,39.78,Clean,5.0
2024-09-29 19:16:45,5.34,8.13,34.91,2.64,25.29,29.29,92.8,52.68,0.85,35063.54,36.86,Clean,5.28
2024-10-04 01:29:45,5.51,7.79,21.88,2.87,24.19,38.47,70.58,70.19,3.98,64668.42,65.61,Needs Cleaning,5.79
2024-10-05 16:53:45,8.7,6.3,6.93,3.02,21.64,18.79,35.97,22.33,17.91,44694.12,21.16,Clean,6.52
2024-09-29 16:04:45,10.08,6.24,8.19,0.74,22.49,14.05,63.93,75.91,16.21,93634.1,36.43,Clean,1.5
2024-09-30 23:34:45,9.1,7.31,0.47,1.27,19.39,13.22,75.5,80.45,14.45,85624.18,9.31,Clean,7.78
2024-10-02 01:54:45,5.37,7.91,3.22,2.39,22.19,26.1,60.74,40.9,8.01,15073.32,1.02,Clean,6.29
2024-10-03 10:50:45,7.12,6.12,26.98,2.54,24.81,10.18,82.18,75.86,13.57,62922.96,0.8,Clean,1.78
2024-09-30 23:35:45,8.32,7.41,46.08,1.44,15.77,32.03,42.14,27.32,1.99,15635.22,98.43,Clean,8.02
2024-09-29 11:47:45,5.7,6.29,42.95,1.78,18.97,20.79,87.2,18.51,2.93,31078.98,45.09,Needs Cleaning,7.24
2024-09-29 14:39:45,10.98,6.7,7.67,2.06,27.88,34.34,60.37,12.7,8.63,5448.15,74.96,Clean,0.32
2024-10-04 11:28:45,9.2,7.03,8.56,2.76,20.74,34.01,70.78,72.7,9.85,48286.87,29.62,Needs Cleaning,0.04
2024-09-30 12:25:45,6.92,8.26,43.89,2.47,19.86,28.72,36.12,54.05,5.73,3771.94,32.9,Needs Cleaning,0.08
2024-10-02 19:58:45,11.16,7.68,47.37,3.63,23.88,29.22,52.3,94.2,14.8,6380.53,34.99,Needs Cleaning,7.91
2024-10-02 16:19:45,7.17,6.13,18.7,3.48,26.96,24.37,71.39,73.63,13.18,8691.67,80.42,Clean,4.02
2024-10-02 15:41:45,7.78,6.3,44.73,0.58,28.81,27.07,62.75,59.38,0.02,44019.9,37.11,Needs Cleaning,5.31
2024-10-05 15:39:45,9.61,6.77,10.97,4.33,22.06,27.86,38.51,82.36,2.66,30043.7,59.19,Clean,0.88
2024-10-04 17:51:45,6.52,7.89,47.23,0.49,20.99,27.56,65.93,78.06,5.58,30986.43,92.49,Needs Cleaning,4.55
2024-10-03 05:40:45,10.25,6.45,49.17,3.5,20.6,37.52,68.5,23.77,14.5,4182.27,44.97,Clean,3.23
2024-09-29 09:45:45,9.76,7.23,13.85,2.95,27.5,30.26,78.66,33.15,1.59,62049.2,78.01,Needs Cleaning,2.99
2024-10-01 21:53:45,6.72,6.43,2.08,4.93,18.68,37.73,78.32,40.74,15.57,4682.73,87.16,Clean,4.54
2024-10-04 08:22:45,7.28,6.2,28.12,2.56,16.08,31.3,47.79,40.42,17.39,22810.62,17.79,Needs Cleaning,4.06
2024-09-29 20:14:45,6.31,7.42,24.93,4.08,26.75,17.42,61.64,74.98,5.17,68742.66,63.01,Needs Cleaning,4.55
2024-09-29 01:15:45,10.22,6.26,21.48,3.28,24.49,16.08,35.42,28.81,13.07,27509.45,9.0,Needs Cleaning,7.99
2024-10-03 06:57:45,6.16,6.97,19.2,2.82,16.92,28.83,84.75,60.3,16.45,87835.35,46.96,Clean,7.15
2024-10-03 13:03:45,4.82,7.38,3.82,0.75,27.7,34.03,96.68,6.96,14.68,66811.35,78.74,Clean,0.95
2024-09-30 04:19:45,10.3,6.41,42.86,3.96,23.53,14.36,87.27,20.05,2.76,46589.35,58.8,Needs Cleaning,0.19
2024-10-01 02:43:45,5.16,7.18,40.71,1.57,22.01,19.55,91.72,48.28,13.18,75841.68,25.37,Needs Cleaning,3.78
2024-10-05 10:55:45,4.91,7.96,25.59,3.24,16.21,17.39,76.31,92.16,7.13,51026.26,58.67,Clean,7.04
2024-09-29 18:21:45,9.1,6.13,24.01,4.75,21.55,24.96,41.34,45.02,16.24,88747.29,95.45,Needs Cleaning,3.32
2024-10-05 16:47:45,10.51,6.87,49.44,3.43,28.32,30.45,84.15,43.42,16.22,84214.78,97.09,Needs Cleaning,8.44
2024-10-04 18:55:45,6.75,7.44,47.64,3.67,18.54,10.36,34.75,69.84,8.77,79643.52,77.55,Clean,9.32
2024-10-01 21:46:45,11.01,8.02,37.58,3.14,22.95,33.73,64.52,52.21,5.54,66953.84,80.81,Needs Cleaning,7.68
2024-10-05 00:20:45,5.28,7.61,1.47,2.5,16.99,12.07,67.41,60.7,8.85,15210.63,99.89,Needs Cleaning,3.23
2024-10-04 12:57:45,11.15,6.71,5.34,2.35,29.03,32.25,41.45,4.34,15.16,17374.61,75.1,Needs Cleaning,0.73
2024-09-29 15:58:45,11.09,6.13,49.98,2.44,20.47,12.76,56.08,53.51,19.61,99988.47,14.9,Needs Cleaning,4.85
2024-10-02 22:26:45,5.48,8.43,20.45,1.35,15.29,10.17,97.47,57.02,13.62,59664.7,0.26,Clean,2.06
2024-09-30 22:41:45,6.15,7.89,47.44,3.25,26.3,14.46,81.05,19.05,12.81,15140.97,70.27,Clean,2.99
2024-10-03 03:02:45,7.08,7.77,10.41,4.85,17.99,11.08,83.03,72.73,3.62,87173.81,29.86,Needs Cleaning,6.77
2024-09-29 10:55:45,4.84,6.66,10.13,1.86,17.83,20.6,33.78,84.05,7.83,82534.03,11.92,Needs Cleaning,8.48
2024-10-02 02:20:45,6.45,7.17,4.83,3.65,19.79,10.83,61.54,71.65,15.19,31908.34,43.25,Needs Cleaning,0.37
2024-09-30 19:58:45,5.83,8.15,47.78,4.23,23.16,38.38,46.23,38.76,10.11,53945.53,33.36,Clean,5.09
2024-10-01 09:46:45,11.39,7.08,42.95,0.02,24.01,39.62,67.57,15.93,9.53,3220.95,14.51,Clean,9.29
2024-09-30 03:49:45,6.81,6.09,15.39,2.39,25.65,28.22,92.96,97.22,4.35,62803.47,68.39,Clean,4.24
2024-10-04 20:47:45,4.75,6.79,36.41,2.09,21.41,15.87,55.29,12.33,8.45,13181.66,33.23,Needs Cleaning,0.06
2024-10-01 23:28:45,4.2,6.52,12.99,4.82,28.16,18.99,57.72,52.05,12.49,79492.21,93.76,Clean,9.41
2024-10-03 14:55:45,8.97,7.22,18.14,1.32,17.3,20.95,47.47,96.22,3.83,72712.99,23.68,Needs Cleaning,0.31
2024-09-30 23:18:45,7.47,7.42,37.42,0.16,19.84,22.2,36.49,17.76,7.26,23438.56,85.89,Clean,4.85
2024-09-30 01:41:45,8.75,6.92,37.84,0.82,17.72,33.91,99.01,97.77,7.68,27339.96,8.67,Needs Cleaning,6.57
2024-09-30 03:18:45,10.33,6.73,0.45,1.89,15.14,16.06,98.75,59.44,12.43,57045.65,18.67,Clean,7.98
2024-10-01 22:32:45,10.41,6.09,33.88,0.57,19.61,24.9,58.74,98.28,16.59,82611.56,57.0,Needs Cleaning,7.08
2024-09-29 10:45:45,4.06,8.0,41.19,4.24,23.05,22.13,76.59,90.23,3.83,46639.63,96.11,Needs Cleaning,8.07
2024-10-03 07:18:45,7.23,7.86,23.05,2.54,24.57,18.46,40.09,4.34,3.23,37404.58,53.31,Clean,0.4
2024-10-03 17:09:45,9.99,6.34,47.03,0.21,17.62,29.45,40.9,9.94,15.51,78911.87,48.16,Clean,3.87
2024-10-02 00:24:45,7.6,7.22,49.02,3.84,23.19,25.12,36.34,11.32,4.91,88499.56,51.58,Clean,2.65
2024-09-29 08:20:45,11.44,8.22,11.63,0.01,18.55,18.46,92.25,61.71,8.05,85688.42,32.57,Clean,3.03
2024-10-04 13:11:45,7.39,8.37,35.06,4.65,25.66,26.4,43.81,81.38,13.17,15887.39,37.5,Needs Cleaning,7.09
2024-10-04 11:28:45,6.74,6.94,10.48,3.54,17.13,27.52,81.4,98.76,14.31,35902.47,22.74,Clean,6.34
2024-10-01 16:41:45,8.08,7.2,22.13,4.45,20.06,31.58,49.22,31.4,14.79,11422.77,92.26,Clean,2.36
2024-10-04 06:35:45,8.19,6.35,47.21,4.61,29.22,27.84,92.82,65.19,14.57,90313.25,55.04,Needs Cleaning,1.72
2024-09-30 03:10:45,4.43,6.44,40.0,0.92,20.09,34.99,97.54,51.23,5.39,2595.97,43.61,Needs Cleaning,2.93
2024-10-02 08:54:45,5.76,7.58,29.74,4.48,22.23,32.03,52.92,24.13,5.0,1140.78,5.73,Needs Cleaning,1.91
2024-10-03 05:58:45,6.31,7.37,37.76,1.38,27.65,39.54,72.67,58.41,14.55,2733.63,47.64,Needs Cleaning,8.23
2024-10-04 20:11:45,7.75,6.14,5.85,4.02,19.6,37.11,49.07,78.99,10.22,17301.04,16.01,Needs Cleaning,0.24
2024-10-02 13:32:45,8.76,6.07,22.08,0.43,29.03,29.46,99.12,99.65,1.54,38958.82,31.87,Clean,7.01
2024-10-03 00:57:45,11.02,8.02,36.31,1.36,18.42,27.77,76.78,21.64,19.48,69623.88,36.71,Clean,6.78
2024-10-02 22:01:45,9.76,6.79,7.13,3.4,29.08,37.0,35.57,27.68,0.86,21704.31,58.09,Needs Cleaning,3.44
2024-10-02 12:02:45,5.16,8.43,24.51,1.77,26.73,15.57,56.58,14.62,16.0,67511.82,59.17,Clean,4.13
2024-10-01 08:33:45,8.5,8.36,29.82,1.77,19.47,26.87,39.53,92.77,17.37,41348.86,32.36,Needs Cleaning,3.24
2024-09-30 11:05:45,4.91,7.14,33.05,0.39,22.95,36.43,59.9,25.09,8.77,34371.9,33.7,Clean,5.68
2024-09-30 16:48:45,7.23,7.87,15.43,4.23,28.37,39.02,48.26,37.69,14.9,61782.24,80.02,Needs Cleaning,0.75
2024-10-02 02:38:45,11.38,6.17,1.3,4.18,25.71,10.63,67.08,61.54,19.26,23329.07,75.07,Needs Cleaning,9.54
2024-10-03 16:03:45,4.76,6.04,30.29,3.26,29.63,35.09,51.25,51.42,3.12,98063.46,34.31,Needs Cleaning,2.81
2024-09-29 06:37:45,11.67,7.63,32.04,4.38,24.3,26.66,49.94,24.08,15.54,85883.7,55.48,Needs Cleaning,1.03
2024-09-30 01:19:45,6.99,7.22,8.24,2.67,28.34,28.44,97.67,55.51,6.16,13659.49,42.54,Needs Cleaning,5.82
2024-10-01 08:02:45,5.48,8.16,13.56,2.93,23.74,24.23,93.97,57.25,14.01,70244.61,57.14,Needs Cleaning,1.12
2024-10-04 05:17:45,4.89,7.7,40.46,0.35,22.01,30.3,46.59,1.79,13.94,82574.11,81.16,Clean,9.47
2024-10-05 11:15:45,7.74,6.26,41.23,1.52,27.54,17.09,97.97,73.6,1.09,12762.02,87.42,Needs Cleaning,1.24
2024-10-01 06:41:45,5.89,7.37,24.35,2.47,15.73,34.45,45.87,59.72,12.31,97596.36,24.44,Clean,3.98
2024-10-03 01:13:45,10.81,7.27,31.05,5.0,21.57,33.48,60.9,24.29,1.93,15195.95,89.28,Needs Cleaning,5.48
2024-10-02 23:44:45,11.96,6.77,13.74,3.64,17.48,37.77,70.35,29.49,13.7,78945.35,37.62,Needs Cleaning,5.32
2024-10-01 04:04:45,4.79,6.07,24.08,4.7,22.92,37.1,50.04,61.16,16.42,95585.88,57.17,Needs Cleaning,6.55
2024-09-30 21:27:45,4.32,8.47,25.34,0.86,25.63,34.23,60.32,27.95,0.84,93388.6,60.31,Clean,3.75
2024-10-01 03:29:45,7.53,7.61,25.59,3.53,17.26,12.4,47.85,60.47,16.47,27876.25,96.31,Clean,9.28
2024-10-01 07:27:45,10.01,8.49,27.2,2.8,21.56,11.47,52.96,39.14,5.94,8724.41,14.4,Clean,8.02
2024-10-05 07:12:45,11.88,7.59,22.32,0.75,15.98,39.38,91.18,90.81,11.15,61918.7,66.28,Clean,2.93
2024-09-29 05:49:45,6.5,8.48,17.6,2.24,19.94,36.73,95.34,1.41,9.7,43083.8,44.37,Needs Cleaning,5.45
2024-10-02 18:38:45,8.09,6.75,38.49,4.71,24.31,17.52,83.28,17.11,7.75,57160.66,16.36,Clean,7.78
2024-10-05 11:58:45,10.96,8.16,27.6,3.52,29.05,18.26,79.32,39.4,8.87,26746.16,15.55,Clean,9.14
2024-10-03 21:21:45,9.21,8.37,31.6,4.02,22.57,36.38,68.52,24.88,7.06,77523.2,32.67,Clean,6.47
2024-09-30 19:01:45,11.03,8.12,13.89,3.01,15.73,27.39,62.97,37.7,18.64,24076.17,83.92,Needs Cleaning,5.0
2024-09-30 04:33:45,7.61,6.91,21.86,1.96,27.01,31.04,84.0,9.53,16.79,47741.78,87.99,Needs Cleaning,7.01
2024-09-29 06:01:45,6.08,6.08,43.52,3.12,27.2,18.0,46.0,64.8,6.82,83977.51,37.65,Clean,9.3
2024-10-01 21:13:45,9.09,7.63,26.55,0.21,23.47,25.1,51.33,52.67,7.95,68268.31,46.48,Needs Cleaning,6.09
2024-09-29 23:36:45,6.45,7.99,10.69,3.34,28.31,20.95,52.26,56.71,13.7,62285.04,42.25,Clean,3.17
2024-10-01 06:25:45,9.42,8.16,1.52,4.7,15.31,25.02,97.14,96.75,8.48,92702.38,52.4,Needs Cleaning,0.12
2024-10-03 17:43:45,9.18,8.34,13.38,0.69,15.05,11.69,56.0,97.75,5.81,19684.38,52.5,Needs Cleaning,8.05
2024-10-05 10:13:45,7.93,6.03,25.26,2.59,22.25,28.88,44.52,85.06,14.46,70350.93,3.7,Clean,2.96
2024-10-03 09:51:45,10.97,7.05,18.37,1.6,21.64,33.93,56.47,96.03,5.16,67371.2,49.92,Needs Cleaning,5.53
2024-10-01 17:03:45,6.58,6.28,39.85,4.56,25.31,12.12,67.78,88.77,19.8,3061.95,65.36,Needs Cleaning,2.87
2024-10-05 06:59:45,7.39,6.95,0.17,1.11,23.47,13.44,73.13,61.87,3.69,20019.26,87.67,Needs Cleaning,4.13
2024-09-30 12:32:45,8.99,6.52,8.56,4.2,20.74,15.15,37.79,3.42,11.52,42294.31,9.18,Needs Cleaning,3.39
2024-10-01 12:17:45,10.25,8.06,21.91,2.63,29.76,14.18,99.4,58.38,12.08,45012.6,96.74,Clean,1.96
2024-10-01 09:44:45,5.53,8.3,6.06,3.95,15.58,16.08,38.06,29.39,0.41,51481.41,58.36,Needs Cleaning,3.42
2024-09-30 19:19:45,10.53,6.23,21.97,2.46,21.28,13.8,70.36,65.36,9.49,7325.39,68.8,Needs Cleaning,2.63
2024-09-30 12:14:45,5.46,7.86,33.89,3.32,29.09,21.96,61.77,23.51,5.04,44367.76,95.73,Clean,9.45
2024-10-02 09:20:45,7.58,7.08,46.79,4.02,24.45,10.48,83.26,68.91,17.35,3011.82,14.32,Clean,4.31
2024-09-30 05:52:45,9.81,7.98,47.2,3.0,22.42,36.46,56.51,21.47,8.97,16149.66,71.98,Needs Cleaning,8.88
2024-10-04 15:15:45,4.22,6.82,13.39,1.74,16.95,32.03,42.44,23.67,11.8,96900.97,51.72,Needs Cleaning,4.12
2024-10-04 16:20:45,5.12,8.31,37.78,4.77,18.52,24.55,75.96,3.03,17.6,67172.2,19.99,Clean,5.63
2024-10-02 13:50:45,7.97,6.44,41.54,2.44,22.55,24.58,30.24,21.27,0.48,73978.58,69.78,Needs Cleaning,6.44
2024-10-03 07:06:45,4.65,6.62,20.96,4.78,21.5,23.45,69.37,27.62,5.63,64832.89,87.52,Clean,1.62
2024-10-01 05:04:45,10.68,7.55,34.8,0.55,19.85,17.65,98.62,85.36,5.05,3362.57,60.69,Needs Cleaning,2.85
2024-10-03 04:47:45,10.17,7.4,41.0,0.98,23.18,16.23,36.6,65.46,9.67,98791.31,68.52,Clean,8.67
2024-10-04 15:28:45,6.01,6.37,2.9,4.61,24.18,36.99,95.51,14.52,9.27,8549.33,90.09,Needs Cleaning,1.53
2024-09-30 09:10:45,4.98,6.54,31.11,4.16,24.33,16.51,63.7,13.56,6.69,74548.51,96.3,Needs Cleaning,4.37
2024-10-05 08:28:45,10.68,8.5,26.65,0.82,19.65,25.22,61.85,41.24,6.04,65666.4,23.96,Clean,6.02
2024-10-04 11:08:45,6.24,8.02,36.57,0.89,20.55,22.85,51.31,66.12,7.93,85254.7,42.47,Needs Cleaning,1.61
2024-10-04 09:29:45,4.93,6.5,19.76,4.29,20.88,14.68,93.79,92.27,1.94,1345.41,55.35,Needs Cleaning,0.18
2024-10-02 11:51:45,7.24,6.2,17.28,0.5,28.11,27.5,36.45,85.19,13.88,77248.82,92.38,Needs Cleaning,4.92
2024-09-30 20:06:45,6.56,6.68,4.51,0.37,15.04,17.03,97.09,70.75,5.19,52972.58,57.59,Clean,0.19
2024-10-01 14:36:45,9.13,7.64,17.33,3.34,20.06,10.61,97.96,53.46,11.65,50780.81,68.95,Needs Cleaning,2.35
2024-10-05 04:27:45,8.17,6.73,31.68,4.32,25.69,25.0,70.89,29.31,18.75,17617.73,40.82,Clean,3.42
2024-09-29 15:13:45,10.12,7.02,14.55,1.8,20.04,13.87,79.02,46.97,0.05,46964.52,77.56,Clean,5.21
2024-09-30 07:05:45,7.38,6.99,21.13,3.85,25.5,16.59,81.47,63.56,13.92,68912.61,55.89,Clean,6.32
2024-09-30 06:48:45,11.23,6.31,4.19,3.73,18.7,28.8,55.8,53.14,4.64,82563.51,34.23,Needs Cleaning,3.05
2024-10-05 10:37:45,5.82,6.44,41.15,2.84,21.46,20.79,36.62,17.01,2.96,31869.16,44.34,Clean,0.31
2024-10-02 18:11:45,9.71,6.65,10.39,0.04,16.72,38.0,80.77,62.16,5.65,73594.01,47.38,Clean,9.1
2024-09-28 19:26:45,10.79,7.04,6.05,0.38,21.61,24.37,93.9,59.95,1.41,81562.66,33.31,Needs Cleaning,9.34
2024-10-03 04:12:45,5.72,8.02,22.46,3.66,29.59,39.49,61.11,34.71,14.54,12933.05,17.48,Clean,4.25
2024-10-03 21:45:45,10.61,7.08,42.76,3.2,17.16,10.35,99.79,5.62,5.6,49968.79,80.55,Needs Cleaning,7.77
2024-10-02 17:01:45,11.31,6.12,9.13,2.03,28.73,32.7,35.95,62.52,14.99,82992.28,0.38,Clean,6.97
2024-10-05 00:10:45,7.24,6.02,11.87,3.01,17.51,20.43,63.65,76.63,4.62,36870.5,96.68,Needs Cleaning,2.78
2024-10-02 00:16:45,9.9,8.08,2.19,1.48,27.31,15.68,44.96,67.11,2.73,88805.7,18.61,Needs Cleaning,0.16
2024-09-29 23:18:45,4.37,7.3,40.62,3.66,27.6,15.61,48.41,51.33,8.06,8148.32,3.62,Clean,8.68
2024-10-01 17:22:45,4.29,6.22,42.97,2.73,27.17,35.15,63.26,32.18,5.99,85890.96,0.15,Needs Cleaning,0.37
2024-10-03 18:05:45,7.8,8.34,39.98,4.0,28.24,13.04,46.45,32.0,0.79,12859.68,53.09,Clean,3.26
2024-09-30 15:08:45,4.35,7.68,26.11,0.46,19.2,18.27,92.41,32.38,17.23,4706.31,26.4,Clean,5.56
2024-09-30 16:43:45,5.84,8.07,14.04,4.73,25.07,13.66,74.13,34.28,12.53,48112.51,74.79,Needs Cleaning,9.22
2024-10-04 05:07:45,10.2,7.99,4.94,0.96,22.83,10.77,56.24,27.13,3.73,35021.13,67.0,Clean,6.65
2024-09-30 19:43:45,4.16,6.84,31.16,0.61,21.58,17.54,75.18,52.19,16.21,82996.22,68.94,Needs Cleaning,8.11
2024-10-01 08:25:45,5.22,8.3,20.76,0.35,18.05,27.6,72.78,6.9,12.4,99517.69,59.38,Clean,0.44
2024-10-02 02:26:45,6.32,7.35,20.57,3.76,29.25,32.31,32.3,61.87,8.18,28965.58,28.47,Clean,8.96
2024-10-02 23:53:45,9.6,6.77,44.43,4.17,24.55,31.6,35.99,74.35,0.61,460.45,34.4,Needs Cleaning,7.9
2024-10-02 13:29:45,6.46,7.67,15.96,4.06,24.99,18.46,50.64,79.62,13.61,35835.52,11.57,Needs Cleaning,1.4
2024-09-29 08:04:45,5.32,8.27,42.27,2.75,21.53,21.94,32.61,90.95,10.61,65810.78,43.18,Clean,2.84
2024-10-03 03:04:45,11.53,6.14,21.6,3.43,22.69,24.73,41.26,43.6,18.76,58955.44,22.8,Clean,0.88
2024-10-01 19:05:45,10.77,8.48,38.32,0.29,17.28,34.94,66.78,60.67,10.59,79735.88,66.44,Clean,0.74
2024-10-05 00:09:45,8.51,7.7,25.55,4.38,24.06,28.7,61.87,89.21,11.5,47153.59,65.62,Needs Cleaning,1.4
2024-09-29 10:27:45,11.69,6.95,45.25,4.09,28.77,18.85,63.77,8.32,6.92,60789.41,84.16,Clean,1.7
2024-10-02 06:02:45,9.05,7.32,13.26,1.46,16.91,17.19,34.38,48.17,12.56,50051.45,48.34,Needs Cleaning,7.69
2024-10-01 22:53:45,9.76,8.37,24.22,1.66,28.77,27.28,45.92,67.1,8.82,27853.3,9.41,Needs Cleaning,8.33
2024-10-05 13:24:45,11.06,7.23,36.05,3.01,28.22,19.14,56.68,91.29,14.26,45762.42,60.99,Needs Cleaning,2.24
2024-10-01 21:37:45,7.61,8.08,15.6,0.83,21.03,28.25,51.64,4.06,11.3,79958.29,55.57,Needs Cleaning,5.4
2024-09-29 05:03:45,9.54,8.47,28.21,3.44,16.78,19.84,72.3,69.56,0.2,11223.97,11.05,Clean,2.54
2024-10-05 04:30:45,4.92,6.98,14.44,4.44,29.38,36.81,76.28,13.81,12.03,7235.13,74.11,Clean,8.06
2024-09-29 21:24:45,8.82,7.9,38.87,4.4,29.17,34.48,67.04,45.63,9.65,67348.14,58.13,Clean,6.2
2024-10-03 18:22:45,11.1,8.41,27.97,4.83,17.17,11.07,50.62,78.74,0.97,71991.61,73.82,Needs Cleaning,8.96
2024-09-29 08:36:45,11.48,6.23,14.49,1.84,24.9,10.83,30.71,14.43,10.46,17754.28,32.31,Needs Cleaning,7.47
2024-10-03 09:25:45,4.43,7.14,26.89,2.7,16.24,29.18,87.56,47.0,15.58,14111.64,96.97,Clean,1.82
2024-10-03 07:23:45,5.5,7.22,1.57,2.48,24.79,27.98,73.29,64.65,12.78,88831.46,46.34,Clean,5.83
2024-10-03 11:36:45,8.19,6.68,21.82,0.04,22.2,14.36,38.08,29.39,18.75,5901.2,26.74,Needs Cleaning,5.48
2024-10-01 19:58:45,4.02,7.11,41.91,4.51,22.71,35.49,71.57,18.02,2.82,33158.23,94.4,Clean,3.06
2024-09-29 22:45:45,4.98,6.16,33.54,4.55,20.58,32.55,57.1,4.97,10.06,49949.87,86.11,Clean,4.71
2024-10-04 03:07:45,5.38,6.31,31.59,0.94,27.8,25.51,61.81,96.15,18.06,44663.72,61.44,Needs Cleaning,6.52
2024-10-04 06:41:45,11.4,6.45,29.72,1.54,27.31,28.48,53.52,86.82,13.94,43329.04,66.5,Needs Cleaning,2.37
2024-09-30 06:43:45,4.2,7.17,15.37,4.65,22.2,38.79,60.14,29.5,2.9,58573.26,45.17,Needs Cleaning,9.5
2024-10-01 09:04:45,10.42,6.83,34.79,3.49,24.86,19.54,76.48,66.64,11.37,32946.36,98.42,Clean,6.27
2024-09-29 09:47:45,11.95,7.17,15.34,3.19,15.68,23.49,37.49,79.14,8.2,60116.77,34.17,Clean,6.38
2024-10-02 09:45:45,6.33,6.07,3.38,4.0,29.69,30.04,65.88,14.43,3.16,41498.02,52.79,Needs Cleaning,5.93
2024-10-02 02:05:45,6.03,7.21,37.02,0.02,28.38,11.36,30.31,98.79,16.79,15794.29,65.69,Clean,3.93
2024-10-03 06:02:45,7.56,6.03,40.94,4.27,29.3,15.7,95.47,51.01,16.89,8478.8,52.49,Needs Cleaning,7.77
2024-10-02 01:12:45,8.09,7.47,35.59,2.09,22.79,39.66,98.38,40.22,8.91,57511.94,75.25,Needs Cleaning,7.32
2024-10-05 03:54:45,4.66,6.2,49.35,1.72,25.16,18.99,66.59,87.66,7.47,13031.68,21.42,Needs Cleaning,1.5
2024-09-29 22:12:45,7.21,7.94,23.0,0.23,28.69,15.72,68.51,77.52,1.82,60410.19,73.07,Needs Cleaning,5.39
2024-09-28 19:32:45,8.55,8.0,43.24,3.47,16.59,29.68,44.47,99.62,14.67,28225.21,68.17,Needs Cleaning,0.94
2024-10-04 03:13:45,6.32,6.35,13.8,1.39,18.15,33.32,91.26,19.56,11.98,88126.87,61.09,Needs Cleaning,7.43
2024-10-01 06:37:45,4.27,7.04,39.2,1.08,20.14,18.76,88.67,91.43,11.37,88956.59,84.44,Clean,5.85
2024-09-30 01:39:45,9.11,7.0,20.96,3.53,27.07,12.18,64.68,47.9,10.48,32480.94,77.85,Clean,8.15
2024-10-04 23:33:45,9.91,6.79,3.38,4.69,16.25,13.9,95.83,41.67,0.98,15729.71,78.22,Clean,8.26
2024-10-03 05:23:45,7.01,6.94,44.86,0.46,28.98,36.91,59.66,80.63,7.1,19085.16,35.2,Clean,2.71
2024-10-04 19:30:45,6.14,7.9,23.54,4.28,16.42,19.21,38.83,23.8,2.55,80228.32,76.07,Clean,9.36
2024-09-30 08:18:45,7.24,6.35,15.01,2.59,26.75,14.73,65.86,69.91,19.05,64039.11,28.03,Needs Cleaning,7.36
2024-10-03 10:00:45,11.9,8.26,12.93,1.2,22.48,32.48,96.13,28.11,14.71,598.44,4.16,Clean,6.2
2024-10-03 16:37:45,10.98,7.33,26.0,0.95,27.68,29.29,35.1,19.69,5.86,68636.01,0.63,Needs Cleaning,4.79
2024-10-01 21:55:45,10.41,6.6,34.48,2.89,22.13,13.83,63.36,13.54,1.45,52158.57,27.51,Needs Cleaning,0.64
2024-10-03 19:45:45,4.17,6.64,33.53,0.31,15.84,27.42,50.75,7.34,6.82,90130.88,24.51,Clean,2.65
2024-10-04 18:45:45,7.69,7.91,4.27,2.46,22.6,27.75,91.6,33.49,18.09,47810.42,45.24,Clean,0.92
2024-10-04 05:46:45,8.19,7.95,23.64,0.93,29.25,31.54,62.89,25.91,8.38,92355.34,33.25,Clean,2.75
2024-10-01 22:42:45,11.12,7.45,2.99,1.36,22.26,35.97,93.82,98.77,3.43,69601.39,20.36,Clean,6.57
